Season,Player,Team,Position,evo_rank,evd_rank,ppl_rank,pkl_rank,oio_rank,oid_rank,sht_rank,scr_rank,plm_rank,zon_rank,pen_rank,phy_rank,fof_rank,fan_rank,Role,GP,TOI,Goals,Total Assists,Total Points,ixG,GF%,xGF%,Age,Date of Birth,Birth Country,Nationality,Height (in),Weight (lbs),Draft Year,Draft Round,Overall Draft Position,Player ID,evo_history,evd_history,ppl_history,pkl_history,team_history
2023-2024,Aaron Ekblad,FLA,D,14.0,119.0,14.0,89.0,9.0,36.0,22.0,56.0,44.0,126.0,230.0,135.0,,43.0,Second Pair,51,1064.0,4,14,18,6.12,68.00,58.49,27,1996-02-07,CAN,CAN,76,215,2014,1,1,8477932.0,"[94, 73, 98, 95, 90]","[48, 64, 62, 24, 76]","[51, 91, 71, 98, 77]","[6, 39, 54, 45, 54]","['FLA', 'FLA', 'FLA', 'FLA', 'FLA']"
2023-2024,Adam Boqvist,CBJ,D,118.0,248.0,33.0,,67.0,244.0,157.0,58.0,218.0,18.0,5.0,235.0,,110.0,Second Pair,35,639.91666666667,1,9,10,3.41,48.15,45.26,23,2000-08-15,SWE,SWE,72,182,2018,1,8,8480871.0,"[80, 20, 68, 61, 44]","[6, 16, 6, 5, 1]","[33, 11, 18, 62, 68]","[None, None, None, None, None]","['CHI', 'CHI', 'CBJ', 'CBJ', 'CBJ']"
2023-2024,Adam Fox,NYR,D,36.0,19.0,13.0,11.0,51.0,44.0,106.0,13.0,29.0,56.0,19.0,234.0,,5.0,First Pair,72,1687.9333333333,17,56,73,11.01,59.57,52.18,25,1998-02-17,USA,USA,71,182,2016,3,66,8479323.0,"[92, 63, 70, 77, 87]","[88, 91, 93, 88, 91]","[84, 89, 99, 89, 83]","[None, 56, 24, 59, 97]","['NYR', 'NYR', 'NYR', 'NYR', 'NYR']"
2023-2024,Adam Larsson,SEA,D,95.0,34.0,,142.0,116.0,52.0,74.0,103.0,123.0,23.0,166.0,61.0,,71.0,First Pair,81,1858.55,4,14,18,6.5,53.77,48.46,30,1992-11-12,SWE,SWE,75,209,2011,1,4,8476457.0,"[14, 13, 37, 71, 54]","[62, 95, 69, 93, 72]","[None, None, None, None, None]","[70, 41, 35, 24, 31]","['EDM', 'EDM', 'SEA', 'SEA', 'SEA']"
2023-2024,Adam Pelech,NYI,D,88.0,137.0,,135.0,99.0,134.0,97.0,209.0,54.0,233.0,86.0,137.0,,87.0,Second Pair,58,1176.3333333333,1,15,16,3.72,48.19,49.3,29,1994-08-16,CAN,CAN,75,210,2012,3,65,8476917.0,"[16, 68, 61, 72, 58]","[69, 73, 85, 76, 25]","[None, None, None, None, None]","[89, 21, 65, 25, 33]","['NYI', 'NYI', 'NYI', 'NYI', 'NYI']"
2023-2024,Alec Martinez,VGK,D,137.0,21.0,,30.0,120.0,230.0,153.0,104.0,181.0,154.0,34.0,212.0,,53.0,Second Pair,55,1047.4333333333,4,13,17,2.5,48.31,44.98,36,1987-07-26,USA,USA,73,210,2007,4,95,,"[41, 91, 66, 23, 54]","[90, 92, 92, 97, 79]","[66, 79, None, None, None]","[24, 71, 22, 87, 79]","['VGK', 'VGK', 'VGK', 'VGK', 'VGK']"
2023-2024,Alex Goligoski,MIN,D,157.0,100.0,39.0,,184.0,104.0,178.0,242.0,42.0,101.0,187.0,168.0,,175.0,Third Pair,36,533.1,0,10,10,2.01,41.86,47.09,38,1985-07-30,USA,USA,71,173,2004,2,61,,"[33, 45, 60, 32, 40]","[43, 50, 77, 71, 51]","[15, 26, 20, None, 67]","[61, 39, 85, 68, None]","['ARI', 'ARI', 'MIN', 'MIN', 'MIN']"
2023-2024,Alex Pietrangelo,VGK,D,37.0,66.0,51.0,108.0,42.0,220.0,28.0,74.0,64.0,63.0,21.0,207.0,,18.0,First Pair,64,1508.2,4,29,33,7.06,47.41,49.29,33,1990-01-18,CAN,CAN,75,215,2008,1,4,8474565.0,"[90, 98, 86, 84, 84]","[76, 79, 90, 79, 62]","[90, 23, 82, 56, 44]","[63, 89, 64, 49, 38]","['STL', 'VGK', 'VGK', 'VGK', 'VGK']"
2023-2024,Alex Vlasic,CHI,D,246.0,38.0,,88.0,231.0,173.0,238.0,220.0,243.0,187.0,64.0,191.0,,128.0,Second Pair,76,1632.3833333333,2,14,16,3.91,49.50,46.69,22,2001-06-05,USA,USA,78,199,2019,2,43,8481568.0,"[None, None, None, None, 2]","[None, None, None, None, 78]","[None, None, None, None, None]","[None, None, None, None, 54]","[None, None, None, None, 'CHI']"
2023-2024,Alexander Alexeyev,WSH,D,245.0,18.0,,,236.0,50.0,228.0,231.0,239.0,219.0,90.0,98.0,,237.0,Third Pair,39,534.15,1,2,3,0.48,40.54,49.7,23,1999-11-15,RUS,RUS,76,213,2018,1,31,8480823.0,"[None, None, None, 10, 2]","[None, None, None, 41, 98]","[None, None, None, None, None]","[None, None, None, 73, None]","[None, None, None, 'WSH', 'WSH']"
2023-2024,Alexander Romanov,NYI,D,112.0,184.0,,147.0,108.0,211.0,87.0,100.0,170.0,189.0,75.0,48.0,,85.0,Second Pair,81,1688.0666666667,7,15,22,3.92,56.90,49.11,23,2000-01-06,RUS,RUS,73,215,2018,2,38,8481014.0,"[None, 58, 22, 52, 61]","[None, 29, 11, 33, 35]","[None, None, None, None, None]","[None, 40, 14, 82, 8]","[None, 'MTL', 'MTL', 'NYI', 'NYI']"
2023-2024,Alexandre Carrier,NSH,D,170.0,30.0,,61.0,133.0,83.0,158.0,154.0,187.0,210.0,185.0,151.0,,120.0,Second Pair,73,1372.4166666667,4,16,20,4.38,51.69,51.14,26,1996-10-08,CAN,CAN,71,174,2015,4,115,,"[None, 59, 27, 47, 30]","[None, 92, 79, 68, 92]","[None, None, 31, None, None]","[None, 80, 66, 62, 59]","[None, 'NSH', 'NSH', 'NSH', 'NSH']"
2023-2024,Andreas Englund,LAK,D,214.0,45.0,,73.0,143.0,37.0,231.0,236.0,196.0,127.0,20.0,6.0,,246.0,Third Pair,82,1084.2333333333,1,9,10,1.38,44.74,51.82,27,1996-01-21,SWE,SWE,75,189,2014,2,40,8477971.0,"[24, None, None, 9, 20]","[31, None, None, 89, 70]","[None, None, None, None, None]","[6, None, None, None, 62]","['OTT', None, None, 'COL', 'LAK']"
2023-2024,Andrew Peeke,BOS,D,197.0,105.0,,51.0,234.0,221.0,146.0,191.0,85.0,196.0,92.0,39.0,,114.0,Third Pair,38,623.18333333333,1,9,10,1.0,48.00,44.13,25,1998-03-17,USA,USA,75,210,2016,2,34,8479369.0,"[30, None, 1, 11, 48]","[98, None, 56, 63, 55]","[None, None, None, None, None]","[None, None, 50, 16, 86]","['CBJ', None, 'CBJ', 'CBJ', 'BOS']"
2023-2024,Arber Xhekaj,MTL,D,51.0,228.0,92.0,,111.0,171.0,49.0,64.0,28.0,28.0,247.0,8.0,,151.0,Third Pair,44,700.8,3,7,10,1.86,57.14,50.67,22,2001-01-30,CAN,CAN,76,238,-,-,-,8482964.0,"[None, None, None, 59, 84]","[None, None, None, 15, 15]","[None, None, None, 7, 1]","[None, None, None, None, None]","[None, None, None, 'MTL', 'MTL']"
2023-2024,Artem Zub,OTT,D,129.0,125.0,,91.0,105.0,67.0,197.0,181.0,76.0,165.0,200.0,65.0,,119.0,Second Pair,69,1450.25,5,20,25,4.95,49.07,52.49,27,1995-10-03,RUS,RUS,74,200,-,-,-,8482245.0,"[None, 39, 30, 9, 73]","[None, 35, 52, 47, 56]","[None, None, None, None, None]","[None, 40, 52, 34, 58]","[None, 'OTT', 'OTT', 'OTT', 'OTT']"
2023-2024,Ben Chiarot,DET,D,186.0,166.0,,165.0,229.0,231.0,114.0,123.0,137.0,201.0,215.0,74.0,,73.0,Second Pair,77,1522.8833333333,5,15,20,4.49,44.85,45.13,32,1991-05-09,CAN,CAN,75,232,2009,4,120,8475279.0,"[82, 68, 75, 16, 30]","[29, 29, 22, 42, 38]","[None, None, 5, None, None]","[15, 17, 6, 76, 2]","['MTL', 'MTL', 'MTL', 'DET', 'DET']"
2023-2024,Ben Hutton,VGK,D,66.0,8.0,75.0,,126.0,17.0,26.0,65.0,92.0,2.0,37.0,199.0,,121.0,Third Pair,41,666.56666666667,2,8,10,3.32,61.22,55.18,30,1993-04-20,CAN,CAN,75,201,2012,5,147,8477018.0,"[89, 25, 72, 62, 78]","[71, 11, 88, 90, 99]","[None, None, None, 36, 16]","[55, 31, None, None, None]","['LAK', 'TOR', 'VGK', 'VGK', 'VGK']"
2023-2024,Bowen Byram,BUF,D,82.0,190.0,90.0,13.0,104.0,179.0,182.0,9.0,125.0,95.0,173.0,99.0,,67.0,Second Pair,73,1485.0,11,18,29,5.75,51.28,45.79,22,2001-06-13,CAN,CAN,73,190,2019,1,4,8481524.0,"[None, 35, 91, 58, 61]","[None, 66, 58, 45, 16]","[None, None, 0, 26, 2]","[None, None, None, 56, 96]","[None, 'COL', 'COL', 'COL', 'BUF']"
2023-2024,Braden Schneider,NYR,D,155.0,104.0,,4.0,195.0,175.0,115.0,91.0,134.0,141.0,38.0,42.0,,147.0,Third Pair,82,1304.0,5,14,19,4.46,46.55,48.47,21,2001-09-20,CAN,CAN,75,208,2020,1,19,8482073.0,"[None, None, 2, 22, 60]","[None, None, 55, 50, 64]","[None, None, None, None, None]","[None, None, None, None, 96]","[None, None, 'NYR', 'NYR', 'NYR']"
2023-2024,Brady Skjei,CAR,D,11.0,65.0,12.0,33.0,30.0,13.0,5.0,10.0,27.0,54.0,168.0,182.0,,40.0,Second Pair,80,1702.25,13,34,47,8.57,52.08,53.97,29,1994-03-26,USA,USA,75,210,2012,1,28,,"[74, 76, 99, 95, 96]","[11, 49, 50, 72, 77]","[None, None, None, 77, 88]","[10, 84, 92, 47, 86]","['NYR', 'CAR', 'CAR', 'CAR', 'CAR']"
2023-2024,Brandon Carlo,BOS,D,188.0,60.0,,40.0,213.0,89.0,136.0,157.0,136.0,250.0,205.0,75.0,,142.0,Second Pair,76,1512.65,4,10,14,2.62,59.14,46.18,26,1996-11-26,USA,USA,78,218,2015,2,37,8478443.0,"[31, 62, 46, 44, 20]","[78, 84, 94, 95, 36]","[None, None, None, None, None]","[33, 96, 84, 77, 71]","['BOS', 'BOS', 'BOS', 'BOS', 'BOS']"
2023-2024,Brandon Montour,FLA,D,25.0,161.0,26.0,,28.0,75.0,11.0,12.0,121.0,33.0,74.0,123.0,,26.0,First Pair,66,1547.5166666667,8,25,33,10.51,52.33,53.89,29,1994-04-11,CAN,CAN,72,194,2014,2,55,,"[32, 83, 95, 97, 83]","[44, 42, 46, 24, 53]","[None, None, 40, 95, 55]","[7, 29, None, 57, None]","['BUF', 'FLA', 'FLA', 'FLA', 'FLA']"
2023-2024,Brayden McNabb,VGK,D,120.0,7.0,,65.0,85.0,101.0,168.0,168.0,113.0,159.0,121.0,58.0,,76.0,Second Pair,82,1587.0333333333,4,22,26,3.54,54.55,51.43,32,1991-01-21,CAN,CAN,76,215,2009,3,66,8475188.0,"[42, 37, 48, 38, 62]","[80, 90, 98, 96, 96]","[None, None, None, None, None]","[45, 71, 51, 69, 56]","['VGK', 'VGK', 'VGK', 'VGK', 'VGK']"
2023-2024,Brayden Pachal,CGY,D,167.0,112.0,,28.0,199.0,118.0,84.0,112.0,207.0,147.0,224.0,19.0,,205.0,Third Pair,50,733.83333333333,2,5,7,2.46,44.90,47.8,24,1999-08-23,CAN,CAN,74,203,-,-,-,8481167.0,"[None, None, None, None, 34]","[None, None, None, None, 52]","[None, None, None, None, None]","[None, None, None, None, 81]","[None, None, None, None, 'CGY']"
2023-2024,Brendan Smith,NJD,D,148.0,169.0,,35.0,131.0,108.0,98.0,61.0,222.0,179.0,223.0,37.0,,213.0,Third Pair,63,1014.3333333333,5,10,15,3.18,44.44,47.12,34,1989-02-08,CAN,CAN,74,200,2007,1,27,,"[20, 49, 82, 47, 32]","[16, 19, 86, 21, 43]","[None, None, None, None, None]","[26, 46, 99, 64, 72]","['NYR', 'NYR', 'CAR', 'NJD', 'NJD']"
2023-2024,Brenden Dillon,WPG,D,125.0,139.0,,160.0,114.0,94.0,163.0,67.0,140.0,151.0,220.0,15.0,,148.0,Second Pair,77,1443.0833333333,8,12,20,2.84,55.79,49.28,32,1990-11-13,CAN,CAN,76,224,-,-,-,,"[18, 44, 45, 41, 59]","[69, 56, 20, 75, 38]","[None, None, None, None, None]","[60, 89, 7, 21, 16]","['SJS', 'WSH', 'WPG', 'WPG', 'WPG']"
2023-2024,Brent Burns,CAR,D,7.0,51.0,15.0,54.0,8.0,8.0,4.0,35.0,20.0,55.0,128.0,230.0,,30.0,Second Pair,82,1763.0666666667,10,33,43,8.59,59.26,58.54,38,1985-03-09,CAN,CAN,77,230,2003,1,20,8470613.0,"[95, 92, 70, 100, 96]","[26, 32, 2, 91, 81]","[95, 70, 95, 69, 89]","[49, 44, 1, 83, 61]","['SJS', 'SJS', 'SJS', 'CAR', 'CAR']"
2023-2024,Brett Kulak,EDM,D,108.0,81.0,,43.0,80.0,30.0,72.0,141.0,188.0,87.0,164.0,127.0,,184.0,Third Pair,82,1261.5166666667,3,13,16,3.67,50.56,56.45,29,1994-01-06,CAN,CAN,73,197,2012,4,105,8476967.0,"[72, 66, 50, 41, 67]","[74, 80, 41, 59, 71]","[None, None, None, None, None]","[None, None, 47, 47, 80]","['MTL', 'MTL', 'EDM', 'EDM', 'EDM']"
2023-2024,Brett Pesce,CAR,D,42.0,11.0,,12.0,14.0,18.0,42.0,176.0,87.0,53.0,101.0,239.0,,102.0,Second Pair,70,1420.2,3,10,13,5.12,47.92,54.96,28,1994-11-15,USA,USA,75,206,2013,3,66,,"[86, 95, 90, 82, 79]","[66, 79, 79, 96, 96]","[None, 77, None, 39, None]","[36, 93, 95, 64, 95]","['CAR', 'CAR', 'CAR', 'CAR', 'CAR']"
2023-2024,Brian Dumoulin,SEA,D,134.0,47.0,,62.0,86.0,25.0,209.0,110.0,143.0,92.0,52.0,142.0,,186.0,Third Pair,80,1361.25,6,10,16,3.25,50.65,54.44,31,1991-09-06,USA,USA,76,207,2009,2,51,8475208.0,"[44, 49, 33, 56, 42]","[83, 77, 80, 59, 88]","[None, None, None, None, None]","[95, 81, 67, 32, 76]","['PIT', 'PIT', 'PIT', 'PIT', 'SEA']"
2023-2024,Brock Faber,MIN,D,99.0,83.0,16.0,177.0,158.0,105.0,142.0,133.0,37.0,120.0,119.0,210.0,,34.0,First Pair,82,2047.8833333333,8,39,47,7.44,50.38,50.69,21,2002-08-22,USA,USA,73,200,2020,2,45,8482122.0,"[None, None, None, None, 57]","[None, None, None, None, 60]","[None, None, None, None, 81]","[None, None, None, None, 6]","[None, None, None, None, 'MIN']"
2023-2024,Cale Makar,COL,D,9.0,17.0,5.0,154.0,27.0,45.0,10.0,2.0,22.0,1.0,2.0,218.0,,2.0,First Pair,77,1907.2666666667,21,69,90,15.59,52.94,52.7,24,1998-10-30,CAN,CAN,71,187,2017,1,4,8480069.0,"[95, 96, 100, 97, 96]","[72, 96, 88, 88, 93]","[73, 99, 96, 97, 91]","[None, 74, 16, 44, 14]","['COL', 'COL', 'COL', 'COL', 'COL']"
2023-2024,Caleb Jones,COL,D,187.0,58.0,,,200.0,97.0,173.0,228.0,106.0,176.0,217.0,67.0,,206.0,Fringe,25,305.2,0,5,5,0.92,57.14,48.93,26,1997-06-06,USA,USA,73,194,2015,4,117,,"[53, 24, 20, 18, 40]","[48, 24, 60, 46, 89]","[None, None, None, 15, None]","[None, None, None, None, None]","['EDM', 'EDM', 'CHI', 'CHI', 'COL']"
2023-2024,Calen Addison,MIN,D,222.0,230.0,46.0,,222.0,238.0,161.0,182.0,233.0,80.0,183.0,205.0,,138.0,Third Pair,72,1243.05,1,16,17,5.71,33.73,39.02,23,2000-04-11,CAN,CAN,71,173,2018,2,53,,"[None, None, None, 15, 12]","[None, None, None, 48, 4]","[None, None, None, 70, 46]","[None, None, None, None, None]","[None, None, None, 'MIN', 'MIN']"
2023-2024,Calvin de Haan,TBL,D,121.0,14.0,,23.0,106.0,9.0,95.0,144.0,135.0,145.0,172.0,66.0,,195.0,Third Pair,59,980.9,3,7,10,1.93,43.48,51.77,32,1991-05-09,CAN,CAN,73,195,2009,1,12,,"[50, 55, 21, 76, 39]","[57, 60, 89, 99, 78]","[None, None, None, None, None]","[30, 63, 39, None, 87]","['CHI', 'CHI', 'CHI', 'CAR', 'TBL']"
2023-2024,Cam Fowler,ANA,D,218.0,232.0,35.0,180.0,207.0,218.0,214.0,170.0,205.0,133.0,87.0,240.0,,54.0,First Pair,81,1978.25,5,34,39,5.09,33.33,44.66,31,1991-12-05,CAN,USA,74,215,2010,1,12,8475764.0,"[64, 50, 36, 35, 6]","[46, 31, 52, 7, 12]","[46, 16, 87, 58, 54]","[None, 8, 8, 7, 1]","['ANA', 'ANA', 'ANA', 'ANA', 'ANA']"
2023-2024,Cam York,PHI,D,172.0,74.0,77.0,72.0,129.0,86.0,200.0,85.0,197.0,96.0,58.0,185.0,,70.0,First Pair,82,1854.7833333333,10,20,30,8.91,43.09,50.98,22,2001-01-05,USA,USA,71,175,2019,1,14,8481546.0,"[None, None, 29, 33, 37]","[None, None, 72, 61, 69]","[None, None, 60, 10, 22]","[None, None, None, None, 63]","[None, None, 'PHI', 'PHI', 'PHI']"
2023-2024,Carson Soucy,VAN,D,210.0,15.0,,24.0,221.0,20.0,174.0,128.0,217.0,182.0,97.0,71.0,,187.0,Third Pair,40,699.41666666667,2,4,6,2.78,53.85,51.13,29,1994-07-27,CAN,CAN,77,208,2013,5,137,8477369.0,"[63, 32, 62, 46, 6]","[95, 71, 80, 91, 92]","[None, None, None, None, None]","[80, 70, 60, 92, 78]","['MIN', 'MIN', 'SEA', 'SEA', 'VAN']"
2023-2024,Chad Ruhwedel,NYR,D,216.0,35.0,,31.0,182.0,60.0,160.0,199.0,238.0,216.0,66.0,38.0,,244.0,Fringe,52,660.41666666667,1,3,4,1.0,40.54,47.42,33,1990-05-07,USA,USA,71,191,-,-,-,,"[8, 28, 62, 47, 4]","[68, 97, 96, 81, 80]","[None, None, None, None, None]","[67, 26, 93, 55, 83]","['PIT', 'PIT', 'PIT', 'PIT', 'NYR']"
2023-2024,Charlie McAvoy,BOS,D,40.0,84.0,55.0,14.0,32.0,107.0,86.0,37.0,55.0,20.0,76.0,81.0,,22.0,First Pair,74,1838.6,12,35,47,9.19,55.93,51.62,25,1997-12-21,USA,USA,73,209,2016,1,14,8479325.0,"[73, 87, 87, 87, 80]","[96, 84, 94, 85, 44]","[29, 19, 58, 40, 48]","[87, 91, 51, 91, 90]","['BOS', 'BOS', 'BOS', 'BOS', 'BOS']"
2023-2024,Chris Tanev,CGY,D,136.0,3.0,,42.0,41.0,19.0,226.0,225.0,155.0,205.0,93.0,208.0,,99.0,Second Pair,75,1476.2833333333,2,17,19,1.32,55.00,54.24,33,1989-12-20,CAN,CAN,74,193,-,-,-,,"[19, 27, 67, 57, 32]","[64, 98, 90, 97, 100]","[None, None, None, None, None]","[26, 56, 88, 93, 47]","['VAN', 'CGY', 'CGY', 'CGY', 'CGY']"
2023-2024,Cody Ceci,EDM,D,93.0,159.0,,118.0,40.0,150.0,139.0,149.0,146.0,114.0,103.0,126.0,,134.0,Second Pair,79,1581.7833333333,5,20,25,4.77,51.75,52.84,29,1993-12-21,CAN,CAN,74,210,2012,1,15,8476879.0,"[17, 53, 52, 37, 73]","[58, 81, 57, 44, 34]","[None, None, None, None, None]","[22, 42, 22, 31, 44]","['TOR', 'PIT', 'EDM', 'EDM', 'EDM']"
2023-2024,Colin Miller,NJD,D,47.0,128.0,,16.0,61.0,41.0,47.0,43.0,100.0,15.0,98.0,51.0,,173.0,Third Pair,46,722.43333333333,4,5,9,2.08,61.54,52.22,30,1992-10-29,CAN,CAN,73,200,2012,5,151,,"[39, 26, 26, 67, 86]","[33, 39, 72, 74, 33]","[10, 22, 30, None, None]","[None, 42, 23, None, 93]","['BUF', 'BUF', 'BUF', 'DAL', 'NJD']"
2023-2024,Colton Parayko,STL,D,189.0,44.0,,145.0,238.0,197.0,69.0,71.0,215.0,232.0,68.0,131.0,,45.0,First Pair,82,1956.5833333333,10,16,26,6.83,46.21,43.72,30,1993-05-12,CAN,CAN,78,228,2012,3,86,8476892.0,"[56, 68, 26, 19, 35]","[90, 76, 65, 79, 84]","[75, None, None, None, None]","[53, 28, 87, 37, 15]","['STL', 'STL', 'STL', 'STL', 'STL']"
2023-2024,Connor Clifton,BUF,D,131.0,53.0,,85.0,174.0,93.0,113.0,119.0,80.0,140.0,116.0,18.0,,154.0,Third Pair,79,1307.9166666667,4,14,18,4.44,53.33,46.0,28,1995-04-28,USA,USA,71,190,2013,5,133,8477365.0,"[3, 14, 43, 53, 46]","[91, 92, 98, 62, 75]","[None, None, None, None, None]","[None, 78, 93, 89, 18]","['BOS', 'BOS', 'BOS', 'BOS', 'BUF']"
2023-2024,Connor Murphy,CHI,D,238.0,113.0,,114.0,240.0,223.0,177.0,200.0,230.0,238.0,142.0,31.0,,109.0,Second Pair,46,912.26666666667,2,6,8,1.48,34.38,43.35,30,1993-03-26,USA,USA,76,212,2011,1,20,8476473.0,"[77, 25, 5, 4, 11]","[68, 78, 89, 71, 39]","[None, None, None, None, None]","[44, 44, 61, 28, 43]","['CHI', 'CHI', 'CHI', 'CHI', 'CHI']"
2023-2024,Conor Timmins,TOR,D,27.0,76.0,62.0,,6.0,14.0,212.0,97.0,13.0,17.0,233.0,93.0,,126.0,Third Pair,25,400.53333333333,1,9,10,1.36,61.76,60.79,24,1998-09-18,CAN,CAN,74,202,2017,2,32,8479982.0,"[None, 66, None, 57, 94]","[None, 88, None, 70, 65]","[None, None, None, 84, 23]","[None, None, None, None, None]","[None, 'COL', None, 'TOR', 'TOR']"
2023-2024,Dakota Mermis,MIN,D,111.0,49.0,,131.0,187.0,49.0,100.0,46.0,79.0,117.0,221.0,116.0,,211.0,Third Pair,47,662.1,3,5,8,1.92,50.00,48.51,29,1994-01-05,USA,USA,72,195,-,-,-,,"[None, None, None, None, 56]","[None, None, None, None, 76]","[None, None, None, None, None]","[None, None, None, None, 39]","[None, None, None, None, 'MIN']"
2023-2024,Damon Severson,CBJ,D,60.0,225.0,80.0,102.0,25.0,168.0,151.0,47.0,102.0,142.0,211.0,209.0,,103.0,Second Pair,67,1416.8833333333,9,19,28,5.61,43.90,49.84,29,1994-08-07,CAN,CAN,74,205,2012,2,60,8476923.0,"[45, 69, 75, 92, 64]","[18, 25, 17, 26, 11]","[65, 5, 59, 25, 11]","[68, 3, 54, 50, 42]","['NJD', 'NJD', 'NJD', 'NJD', 'CBJ']"
2023-2024,Daniil Miromanov,CGY,D,12.0,29.0,84.0,,11.0,43.0,24.0,7.0,25.0,207.0,158.0,247.0,,68.0,Second Pair,24,497.33333333333,3,4,7,2.97,53.33,57.48,26,1997-07-11,RUS,RUS,76,200,-,-,-,8482624.0,"[None, None, None, None, 95]","[None, None, None, None, 83]","[None, None, None, None, 13]","[None, None, None, None, None]","[None, None, None, None, 'CGY']"
2023-2024,Dante Fabbro,NSH,D,62.0,120.0,,25.0,55.0,92.0,83.0,139.0,51.0,35.0,190.0,153.0,,136.0,Third Pair,56,915.63333333333,3,10,13,2.59,54.29,55.38,25,1998-06-20,CAN,CAN,72,189,2016,1,17,8479371.0,"[25, 56, 73, 36, 86]","[71, 61, 85, 68, 38]","[None, None, None, None, None]","[None, 65, 26, 51, 92]","['NSH', 'NSH', 'NSH', 'NSH', 'NSH']"
2023-2024,Darnell Nurse,EDM,D,15.0,153.0,78.0,81.0,26.0,131.0,7.0,41.0,34.0,124.0,225.0,63.0,,29.0,Second Pair,81,1773.45,10,22,32,9.01,50.00,53.81,28,1995-02-04,CAN,CAN,76,221,2013,1,7,8477498.0,"[81, 95, 90, 91, 93]","[34, 17, 51, 51, 32]","[32, 60, 68, 5, 18]","[47, 9, 30, 46, 63]","['EDM', 'EDM', 'EDM', 'EDM', 'EDM']"
2023-2024,Darren Raddysh,TBL,D,91.0,94.0,,7.0,68.0,88.0,116.0,132.0,104.0,66.0,11.0,158.0,,98.0,Second Pair,82,1566.6666666667,6,27,33,4.33,47.76,51.5,27,1996-02-28,CAN,CAN,73,200,-,-,-,8478178.0,"[None, None, None, None, 62]","[None, None, None, None, 57]","[None, None, None, None, None]","[None, None, None, None, 94]","[None, None, None, None, 'TBL']"
2023-2024,David Jiricek,CBJ,D,144.0,168.0,,,178.0,160.0,179.0,211.0,50.0,71.0,239.0,206.0,,216.0,Third Pair,43,627.7,1,9,10,1.43,45.00,46.46,19,2003-11-28,CZE,CZE,76,199,2022,1,6,,"[None, None, None, None, 43]","[None, None, None, None, 27]","[None, None, None, None, None]","[None, None, None, None, None]","[None, None, None, None, 'CBJ']"
2023-2024,David Savard,MTL,D,181.0,217.0,,179.0,164.0,243.0,220.0,81.0,148.0,181.0,150.0,152.0,,55.0,Second Pair,60,1214.4833333333,6,18,24,2.5,49.50,44.95,32,1990-10-22,CAN,CAN,73,235,2009,4,94,8475233.0,"[23, 3, 25, 13, 47]","[97, 82, 5, 23, 21]","[None, None, None, None, None]","[72, 57, 13, 6, 1]","['CBJ', 'TBL', 'MTL', 'MTL', 'MTL']"
2023-2024,Declan Chisholm,MIN,D,201.0,23.0,1.0,,130.0,12.0,232.0,164.0,190.0,107.0,222.0,237.0,,139.0,Third Pair,31,512.4,3,6,9,1.85,40.00,53.47,23,2000-01-12,CAN,CAN,73,185,2018,5,150,8480990.0,"[None, None, None, None, 22]","[None, None, None, None, 86]","[None, None, None, None, 97]","[None, None, None, None, None]","[None, None, None, None, 'MIN']"
2023-2024,Dennis Gilbert,CGY,D,225.0,13.0,,,214.0,87.0,188.0,153.0,244.0,25.0,12.0,21.0,,209.0,Fringe,34,417.63333333333,1,6,7,0.88,34.62,47.18,26,1996-10-30,USA,USA,74,216,2015,3,91,,"[1, None, None, None, 12]","[17, None, None, None, 91]","[None, None, None, None, None]","[92, None, None, None, None]","['CHI', None, None, None, 'CGY']"
2023-2024,Derek Forbort,BOS,D,228.0,59.0,,18.0,203.0,79.0,225.0,217.0,203.0,241.0,123.0,64.0,,207.0,Third Pair,35,622.78333333333,0,4,4,1.1,57.50,52.85,31,1992-03-04,USA,USA,76,208,2010,1,15,,"[12, 36, 10, 24, 8]","[51, 45, 82, 48, 85]","[None, None, None, None, None]","[3, 51, 73, 90, 85]","['LAK', 'WPG', 'BOS', 'BOS', 'BOS']"
2023-2024,Devon Toews,COL,D,20.0,33.0,82.0,150.0,21.0,34.0,38.0,24.0,33.0,7.0,28.0,183.0,,31.0,First Pair,82,1921.1833333333,12,38,50,8.77,56.83,55.11,29,1994-02-21,CAN,CAN,73,191,2014,4,108,8478038.0,"[51, 93, 90, 80, 93]","[35, 99, 88, 93, 70]","[35, 27, 13, 14, 15]","[None, 69, 41, 38, 14]","['NYI', 'COL', 'COL', 'COL', 'COL']"
2023-2024,Dmitry Kulikov,FLA,D,97.0,188.0,,69.0,112.0,111.0,126.0,174.0,53.0,58.0,108.0,69.0,,172.0,Third Pair,76,1255.0833333333,1,19,20,4.24,53.33,53.14,32,1990-10-29,RUS,RUS,73,201,2009,1,14,,"[9, 26, 50, 30, 70]","[22, 51, 91, 6, 46]","[None, None, None, None, None]","[44, 16, 20, 1, 91]","['WPG', 'NJD', 'MIN', 'PIT', 'FLA']"
2023-2024,Dmitry Orlov,CAR,D,57.0,46.0,,3.0,57.0,5.0,41.0,60.0,147.0,90.0,13.0,88.0,,89.0,Third Pair,82,1419.8166666667,6,20,26,7.37,54.64,57.44,32,1991-07-23,RUS,RUS,71,214,2009,2,55,8475200.0,"[79, 75, 76, 76, 75]","[41, 79, 90, 55, 88]","[17, None, 22, 30, None]","[99, None, None, 44, 99]","['WSH', 'WSH', 'WSH', 'WSH', 'CAR']"
2023-2024,Dougie Hamilton,NJD,D,1.0,224.0,8.0,,2.0,80.0,1.0,25.0,10.0,26.0,248.0,170.0,,9.0,Second Pair,20,419.5,5,11,16,3.07,45.45,57.02,30,1993-06-17,CAN,CAN,78,230,2011,1,9,8476462.0,"[100, 100, 96, 99, 99]","[89, 58, 10, 8, 27]","[99, 97, 57, 90, 96]","[76, 78, None, None, None]","['CAR', 'CAR', 'NJD', 'NJD', 'NJD']"
2023-2024,Drew Doughty,LAK,D,127.0,111.0,48.0,166.0,81.0,15.0,183.0,130.0,129.0,171.0,99.0,149.0,,36.0,First Pair,82,2115.0666666667,15,35,50,8.3,57.69,54.99,33,1989-12-08,CAN,CAN,73,210,2008,1,2,8474563.0,"[14, 28, 85, 23, 58]","[10, 41, 30, 25, 82]","[79, 86, 91, 67, 41]","[24, 35, 0, 8, 21]","['LAK', 'LAK', 'LAK', 'LAK', 'LAK']"
2023-2024,Dylan DeMelo,WPG,D,100.0,156.0,,140.0,62.0,66.0,193.0,198.0,81.0,57.0,154.0,78.0,,112.0,Second Pair,82,1781.8333333333,3,28,31,2.59,64.80,51.86,30,1993-05-01,CAN,CAN,72,195,2011,6,179,8476331.0,"[61, 31, 33, 58, 60]","[34, 38, 76, 53, 25]","[3, None, None, None, None]","[25, 16, 4, 41, 34]","['WPG', 'WPG', 'WPG', 'WPG', 'WPG']"
2023-2024,Dylan Samberg,WPG,D,116.0,12.0,,93.0,110.0,6.0,130.0,226.0,68.0,85.0,148.0,115.0,,194.0,Third Pair,78,1218.8,1,17,18,2.16,61.02,51.8,24,1999-01-24,USA,USA,76,219,2017,2,43,8480049.0,"[None, None, None, 35, 60]","[None, None, None, 89, 95]","[None, None, None, None, None]","[None, None, None, 97, 19]","[None, None, None, 'WPG', 'WPG']"
2023-2024,Egor Zamula,PHI,D,199.0,16.0,42.0,,153.0,39.0,203.0,188.0,211.0,84.0,214.0,203.0,,143.0,Third Pair,66,1059.7833333333,5,16,21,2.26,50.68,48.47,23,2000-03-30,RUS,RUS,75,177,-,-,-,8481178.0,"[None, None, None, None, 22]","[None, None, None, None, 90]","[None, None, None, None, 51]","[None, None, None, None, None]","[None, None, None, None, 'PHI']"
2023-2024,Emil Lilleberg,TBL,D,244.0,90.0,,1.0,244.0,55.0,204.0,247.0,204.0,173.0,216.0,17.0,,227.0,Third Pair,37,599.56666666667,0,5,5,0.86,35.29,44.28,22,2001-02-02,NOR,,74,192,2021,4,107,,"[None, None, None, None, 4]","[None, None, None, None, 58]","[None, None, None, None, None]","[None, None, None, None, 99]","[None, None, None, None, 'TBL']"
2023-2024,Erik Brannstrom,OTT,D,123.0,80.0,,138.0,91.0,70.0,134.0,190.0,108.0,52.0,145.0,201.0,,153.0,Third Pair,76,1260.9166666667,3,17,20,4.64,49.35,51.56,23,1999-09-02,SWE,SWE,70,185,2017,1,15,,"[35, 67, 37, 65, 44]","[27, 2, 31, 90, 54]","[19, 81, 33, 11, None]","[None, None, 42, 46, 22]","['OTT', 'OTT', 'OTT', 'OTT', 'OTT']"
2023-2024,Erik Cernak,TBL,D,180.0,210.0,,127.0,122.0,136.0,195.0,216.0,160.0,204.0,202.0,23.0,,212.0,Second Pair,69,1323.8333333333,2,11,13,2.38,47.83,45.87,26,1997-05-28,SVK,SVK,76,224,2015,2,43,8478416.0,"[65, 94, 76, 51, 16]","[52, 74, 38, 14, 26]","[None, None, None, None, None]","[77, 79, 49, 2, 70]","['TBL', 'TBL', 'TBL', 'TBL', 'TBL']"
2023-2024,Erik Gudbranson,CBJ,D,159.0,208.0,,111.0,205.0,229.0,105.0,109.0,132.0,175.0,137.0,85.0,,88.0,Second Pair,78,1533.4833333333,6,20,26,2.09,41.84,44.27,31,1992-01-07,CAN,CAN,77,222,2010,1,3,8475790.0,"[46, 37, 81, 18, 42]","[8, 7, 71, 15, 21]","[None, None, None, None, None]","[55, 47, 80, 61, 24]","['ANA', 'OTT', 'CGY', 'CBJ', 'CBJ']"
2023-2024,Erik Gustafsson,NYR,D,54.0,148.0,47.0,,53.0,61.0,82.0,54.0,77.0,13.0,109.0,161.0,,95.0,Third Pair,76,1321.7833333333,6,25,31,4.65,51.11,51.44,31,1992-03-14,SWE,SWE,72,197,2012,4,93,,"[46, 34, 41, 90, 72]","[2, 41, 38, 43, 48]","[42, 53, 23, 45, 66]","[None, None, None, None, None]","['CHI', 'PHI', 'CHI', 'WSH', 'NYR']"
2023-2024,Erik Johnson,BUF,D,141.0,79.0,,168.0,150.0,157.0,80.0,63.0,229.0,168.0,42.0,29.0,,182.0,Third Pair,67,969.71666666667,5,1,6,1.94,38.89,47.77,35,1988-03-21,USA,USA,76,225,2006,1,1,,"[71, None, 86, 50, 32]","[86, None, 84, 80, 55]","[None, None, None, None, None]","[47, None, 33, 34, 5]","['COL', None, 'COL', 'COL', 'BUF']"
2023-2024,Erik Karlsson,PIT,D,6.0,234.0,19.0,,7.0,174.0,21.0,22.0,5.0,40.0,26.0,241.0,,16.0,First Pair,82,1990.0166666667,11,45,56,11.47,52.08,54.28,33,1990-05-31,SWE,SWE,72,190,2008,1,15,8474578.0,"[93, 80, 91, 99, 95]","[35, 10, 2, 6, 18]","[88, 48, 66, 85, 78]","[34, 28, 81, None, None]","['SJS', 'SJS', 'SJS', 'SJS', 'PIT']"
2023-2024,Esa Lindell,DAL,D,90.0,36.0,,70.0,90.0,73.0,92.0,105.0,109.0,234.0,60.0,156.0,,74.0,Second Pair,82,1678.6833333333,5,21,26,5.45,52.17,55.67,29,1994-05-23,FIN,FIN,75,220,2012,3,74,8476902.0,"[34, 60, 43, 46, 72]","[31, 80, 78, 73, 87]","[68, 10, None, None, None]","[34, 30, 83, 60, 49]","['DAL', 'DAL', 'DAL', 'DAL', 'DAL']"
2023-2024,Ethan Bear,WSH,D,205.0,140.0,,,224.0,128.0,94.0,197.0,212.0,119.0,203.0,178.0,,190.0,Third Pair,24,357.73333333333,1,3,4,1.87,37.04,40.93,26,1997-06-26,CAN,CAN,71,197,2015,5,124,8478451.0,"[49, 48, 95, 40, 6]","[12, 51, 43, 78, 28]","[None, None, None, None, None]","[52, 11, 99, 16, None]","['EDM', 'EDM', 'CAR', 'VAN', 'WSH']"
2023-2024,Evan Bouchard,EDM,D,8.0,55.0,4.0,,1.0,21.0,18.0,33.0,46.0,38.0,83.0,163.0,,13.0,First Pair,81,1862.7666666667,18,64,82,12.45,61.84,61.69,23,1999-10-20,CAN,CAN,75,194,2018,1,10,8480803.0,"[None, 97, 98, 87, 98]","[None, 17, 39, 77, 80]","[None, None, 84, 82, 98]","[None, None, 36, None, None]","[None, 'EDM', 'EDM', 'EDM', 'EDM']"
2023-2024,Filip Hronek,VAN,D,87.0,211.0,59.0,116.0,93.0,95.0,85.0,163.0,73.0,74.0,79.0,138.0,,50.0,First Pair,81,1898.75,5,43,48,7.62,60.71,51.8,25,1997-11-02,CZE,CZE,72,190,2016,2,53,8479425.0,"[13, 24, 56, 26, 78]","[1, 16, 8, 29, 20]","[27, 18, 14, 81, 31]","[14, 27, 26, 80, 17]","['DET', 'DET', 'DET', 'VAN', 'VAN']"
2023-2024,Gustav Forsling,FLA,D,4.0,110.0,,56.0,10.0,40.0,12.0,15.0,4.0,111.0,106.0,147.0,,44.0,First Pair,79,1749.2166666667,10,29,39,7.23,66.99,56.75,27,1996-06-12,SWE,SWE,72,186,2014,5,126,8478055.0,"[None, 90, 94, 97, 98]","[None, 67, 67, 26, 73]","[None, None, None, 49, None]","[None, 18, 25, 65, 66]","[None, 'FLA', 'FLA', 'FLA', 'FLA']"
2023-2024,Gustav Lindstrom,ANA,D,234.0,129.0,,,247.0,141.0,243.0,160.0,111.0,106.0,240.0,102.0,,224.0,Third Pair,46,708.4,3,7,10,1.79,62.22,43.94,24,1998-10-20,SWE,SWE,74,186,2017,2,38,,"[0, 4, 3, 6, 11]","[28, 33, 44, 26, 68]","[None, None, None, None, None]","[1, 92, 58, None, None]","['DET', 'DET', 'DET', 'DET', 'ANA']"
2023-2024,Hampus Lindholm,BOS,D,103.0,126.0,69.0,98.0,87.0,53.0,124.0,161.0,95.0,222.0,81.0,204.0,,63.0,First Pair,73,1699.9166666667,3,23,26,5.61,56.84,51.66,29,1994-01-20,SWE,SWE,76,215,2012,1,6,8476854.0,"[48, 57, 60, 85, 31]","[14, 26, 48, 60, 49]","[71, 12, 35, 59, 19]","[49, 52, 76, 86, 19]","['ANA', 'ANA', 'BOS', 'BOS', 'BOS']"
2023-2024,Haydn Fleury,TBL,D,177.0,155.0,,10.0,232.0,119.0,66.0,147.0,130.0,186.0,36.0,103.0,,210.0,Third Pair,24,386.96666666667,1,4,5,1.25,60.71,44.09,27,1996-07-08,CAN,CAN,76,208,2014,1,7,,"[97, 47, 35, 32, 33]","[77, 72, 100, 29, 33]","[None, None, None, None, None]","[None, 43, 58, 37, 98]","['CAR', 'CAR', 'SEA', 'TBL', 'TBL']"
2023-2024,Henri Jokiharju,BUF,D,161.0,195.0,,129.0,117.0,177.0,169.0,194.0,165.0,98.0,156.0,140.0,,149.0,Second Pair,74,1404.5166666667,3,17,20,3.6,56.73,47.18,24,1999-06-17,FIN,FIN,72,200,2017,1,29,8480035.0,"[29, 38, 27, 43, 38]","[66, 44, 17, 18, 37]","[None, None, 1, None, None]","[2, 83, 12, 15, 47]","['BUF', 'BUF', 'BUF', 'BUF', 'BUF']"
2023-2024,Henry Thrun,SJS,D,243.0,246.0,11.0,172.0,237.0,239.0,221.0,232.0,223.0,183.0,91.0,222.0,,168.0,Second Pair,51,1019.9833333333,3,8,11,2.16,36.11,40.61,22,2001-03-12,USA,USA,74,190,2019,4,101,8481567.0,"[None, None, None, None, 5]","[None, None, None, None, 1]","[None, None, None, None, 85]","[None, None, None, None, 11]","[None, None, None, None, 'SJS']"
2023-2024,Ian Cole,VAN,D,179.0,50.0,,78.0,103.0,29.0,184.0,204.0,206.0,212.0,237.0,101.0,,185.0,Second Pair,78,1457.7666666667,2,9,11,1.66,55.79,53.94,34,1989-02-21,USA,USA,73,225,2007,1,18,,"[91, 4, 65, 53, 16]","[93, 89, 93, 28, 94]","[None, None, None, None, None]","[57, 34, 97, 18, 69]","['COL', 'MIN', 'CAR', 'TBL', 'VAN']"
2023-2024,Ilya Lyubushkin,ANA,D,242.0,102.0,,155.0,197.0,184.0,240.0,241.0,231.0,169.0,232.0,35.0,,201.0,Third Pair,74,1267.2333333333,0,8,8,2.72,42.53,45.08,29,1994-04-06,RUS,RUS,74,200,-,-,-,,"[38, 8, 3, 12, 4]","[87, 90, 64, 81, 46]","[None, None, None, None, None]","[None, None, 12, 10, 26]","['ARI', 'ARI', 'TOR', 'BUF', 'ANA']"
2023-2024,Isaak Phillips,CHI,D,224.0,250.0,,17.0,245.0,249.0,202.0,243.0,78.0,209.0,102.0,59.0,,223.0,Third Pair,33,563.41666666667,0,6,6,1.61,22.92,37.1,21,2001-09-28,CAN,CAN,75,205,2020,5,141,,"[None, None, None, None, 12]","[None, None, None, None, 0]","[None, None, None, None, None]","[None, None, None, None, 88]","[None, None, None, None, 'CHI']"
2023-2024,Ivan Provorov,CBJ,D,152.0,216.0,79.0,169.0,159.0,204.0,135.0,92.0,159.0,172.0,43.0,181.0,,62.0,First Pair,82,1817.3166666667,5,27,32,4.51,48.78,47.08,26,1997-01-13,RUS,RUS,73,201,2015,1,7,8478500.0,"[50, 40, 40, 25, 51]","[52, 48, 34, 20, 17]","[53, 52, 21, 2, 29]","[88, 29, 34, 7, 13]","['PHI', 'PHI', 'PHI', 'PHI', 'CBJ']"
2023-2024,J.J. Moser,ARI,D,173.0,213.0,93.0,174.0,171.0,189.0,211.0,99.0,110.0,236.0,105.0,134.0,,116.0,Second Pair,80,1645.7166666667,5,21,26,5.11,47.41,48.53,23,2000-06-06,CHE,CHE,73,173,2021,2,60,8482655.0,"[None, None, 29, 20, 44]","[None, None, 4, 35, 17]","[None, None, None, 8, 0]","[None, None, 11, 13, 6]","[None, None, 'ARI', 'ARI', 'ARI']"
2023-2024,Jaccob Slavin,CAR,D,16.0,2.0,,9.0,5.0,4.0,34.0,143.0,26.0,44.0,17.0,227.0,,56.0,Second Pair,81,1695.4833333333,6,31,37,6.37,56.64,59.29,29,1994-05-01,USA,USA,75,207,2012,4,120,8476958.0,"[90, 88, 88, 91, 94]","[97, 76, 97, 99, 98]","[45, None, 42, None, None]","[94, 90, 98, 96, 88]","['CAR', 'CAR', 'CAR', 'CAR', 'CAR']"
2023-2024,Jack Johnson,COL,D,185.0,177.0,,71.0,201.0,176.0,148.0,172.0,131.0,237.0,70.0,122.0,,221.0,Third Pair,80,1194.1833333333,3,13,16,3.12,57.14,47.01,36,1987-01-13,USA,USA,73,227,2005,1,3,,"[9, 11, 8, 1, 66]","[50, 34, 37, 30, 37]","[None, None, None, None, None]","[73, 14, 40, 32, 73]","['PIT', 'NYR', 'COL', 'COL', 'COL']"
2023-2024,Jackson LaCombe,ANA,D,223.0,122.0,,151.0,230.0,198.0,235.0,187.0,133.0,214.0,179.0,213.0,,146.0,Second Pair,71,1375.7833333333,2,15,17,4.39,37.80,46.22,22,2001-01-09,USA,USA,73,171,2019,2,39,8481605.0,"[None, None, None, None, 13]","[None, None, None, None, 47]","[None, None, None, None, None]","[None, None, None, None, 26]","[None, None, None, None, 'ANA']"
2023-2024,Jacob Bernard-Docker,OTT,D,198.0,57.0,,141.0,204.0,166.0,201.0,145.0,144.0,88.0,176.0,117.0,,163.0,Third Pair,72,1129.9333333333,4,10,14,1.73,44.44,45.16,23,2000-06-30,CAN,CAN,72,190,2018,1,26,8480879.0,"[None, None, None, 14, 29]","[None, None, None, 69, 76]","[None, None, None, None, None]","[None, None, None, None, 37]","[None, None, None, 'OTT', 'OTT']"
2023-2024,Jacob Bryson,BUF,D,232.0,67.0,,117.0,208.0,76.0,250.0,230.0,139.0,167.0,30.0,214.0,,238.0,Third Pair,36,528.36666666667,1,7,8,0.39,54.84,49.79,25,1997-11-18,CAN,CAN,69,176,2017,4,99,,"[None, 5, 0, 8, 15]","[None, 15, 76, 61, 75]","[None, None, 64, None, None]","[None, 12, 28, 68, 25]","[None, 'BUF', 'BUF', 'BUF', 'BUF']"
2023-2024,Jacob MacDonald,SJS,D,59.0,227.0,30.0,,220.0,202.0,6.0,1.0,154.0,121.0,89.0,50.0,,198.0,Fringe,34,408.73333333333,7,2,9,4.44,22.73,42.87,30,1993-02-26,USA,,72,204,-,-,-,,"[None, 97, None, 73, 76]","[None, 98, None, 10, 18]","[None, None, None, None, 57]","[None, 85, None, None, None]","[None, 'COL', None, 'SJS', 'SJS']"
2023-2024,Jacob Trouba,NYR,D,48.0,52.0,,53.0,123.0,178.0,14.0,118.0,31.0,155.0,171.0,27.0,,35.0,Second Pair,69,1465.95,3,19,22,5.74,44.44,48.4,29,1994-02-26,USA,USA,75,203,2012,1,9,8476885.0,"[75, 76, 86, 84, 74]","[24, 83, 62, 84, 72]","[36, 25, 26, 42, None]","[4, 64, 71, 79, 46]","['NYR', 'NYR', 'NYR', 'NYR', 'NYR']"
2023-2024,Jake Bean,CBJ,D,142.0,147.0,,67.0,161.0,213.0,133.0,84.0,138.0,163.0,180.0,231.0,,150.0,Third Pair,72,1175.55,4,9,13,3.25,44.83,45.35,25,1998-06-09,CAN,CAN,73,196,2016,1,13,,"[None, 74, 39, None, 46]","[None, 50, 19, None, 49]","[None, 88, 9, None, None]","[None, None, 80, None, 53]","[None, 'CAR', 'CBJ', None, 'CBJ']"
2023-2024,Jake McCabe,TOR,D,119.0,114.0,,68.0,97.0,120.0,194.0,115.0,90.0,195.0,144.0,30.0,,83.0,Second Pair,73,1507.9333333333,8,20,28,3.99,55.26,52.76,29,1993-10-12,USA,USA,73,204,2012,2,44,8476931.0,"[29, 39, 16, 45, 64]","[85, 99, 45, 76, 45]","[None, None, None, None, None]","[63, 30, 75, 88, 36]","['BUF', 'BUF', 'CHI', 'TOR', 'TOR']"
2023-2024,Jake Middleton,MIN,D,183.0,48.0,,106.0,190.0,129.0,196.0,101.0,152.0,190.0,129.0,56.0,,105.0,Second Pair,80,1584.6666666667,7,18,25,5.31,41.67,49.38,27,1996-01-02,CAN,CAN,75,219,2014,7,210,8478136.0,"[None, None, None, 21, 34]","[None, None, None, 86, 74]","[None, None, None, None, None]","[None, None, None, 75, 32]","[None, None, None, 'MIN', 'MIN']"
2023-2024,Jake Sanderson,OTT,D,78.0,123.0,38.0,121.0,58.0,91.0,75.0,129.0,126.0,149.0,35.0,216.0,,38.0,First Pair,79,1834.25,10,28,38,9.78,50.89,53.25,21,2002-07-08,USA,USA,75,195,2020,1,5,8482105.0,"[None, None, None, 70, 65]","[None, None, None, 64, 45]","[None, None, None, 53, 56]","[None, None, None, 50, 33]","[None, None, None, 'OTT', 'OTT']"
2023-2024,Jake Walman,DET,D,81.0,96.0,,167.0,206.0,217.0,20.0,5.0,213.0,217.0,127.0,193.0,,49.0,Second Pair,63,1245.4666666667,12,9,21,4.64,45.54,42.53,27,1996-02-20,CAN,CAN,74,215,2014,3,82,8478013.0,"[None, 82, 71, 66, 65]","[None, 8, 51, 94, 29]","[None, None, None, 12, None]","[None, 12, None, 53, 7]","[None, 'STL', 'STL', 'DET', 'DET']"
2023-2024,Jakob Chychrun,OTT,D,45.0,201.0,37.0,,132.0,193.0,13.0,42.0,57.0,118.0,162.0,175.0,,19.0,First Pair,82,1835.9666666667,14,27,41,13.28,41.78,47.4,25,1998-03-31,USA,USA,74,220,2016,1,16,8479345.0,"[69, 98, 71, 79, 83]","[60, 42, 48, 36, 15]","[41, 87, 11, 72, 60]","[83, 82, 15, 61, None]","['ARI', 'ARI', 'ARI', 'OTT', 'OTT']"
2023-2024,Jalen Chatfield,CAR,D,35.0,1.0,,,36.0,1.0,48.0,11.0,97.0,21.0,135.0,145.0,,170.0,Third Pair,72,1094.2,8,14,22,4.34,58.82,59.8,27,1996-05-15,USA,USA,73,188,-,-,-,8478970.0,"[None, 15, None, 80, 85]","[None, 3, None, 98, 99]","[None, None, None, None, None]","[None, None, None, 99, None]","[None, 'VAN', None, 'CAR', 'CAR']"
2023-2024,Jamie Drysdale,PHI,D,133.0,203.0,52.0,,134.0,203.0,118.0,111.0,173.0,16.0,56.0,197.0,,101.0,Second Pair,34,667.2,3,7,10,2.26,26.83,45.78,21,2002-04-08,CAN,CAN,71,183,2020,1,6,8482142.0,"[None, 5, 54, None, 47]","[None, 1, 14, None, 20]","[None, 20, 44, None, 49]","[None, 88, None, None, None]","[None, 'ANA', 'ANA', None, 'PHI']"
2023-2024,Jamie Oleksiak,SEA,D,151.0,63.0,,103.0,138.0,137.0,107.0,124.0,198.0,246.0,175.0,82.0,,115.0,Second Pair,82,1611.1833333333,2,13,15,6.03,47.22,49.83,30,1992-12-21,CAN,CAN,79,257,2011,1,14,8476467.0,"[49, 64, 40, 43, 41]","[78, 87, 71, 85, 65]","[None, None, None, None, None]","[None, 95, 72, 43, 43]","['DAL', 'DAL', 'SEA', 'SEA', 'SEA']"
2023-2024,Jan Rutta,SJS,D,202.0,207.0,,157.0,219.0,209.0,138.0,135.0,195.0,224.0,193.0,132.0,,158.0,Second Pair,69,1360.7166666667,5,14,19,3.71,37.08,39.91,33,1990-07-29,CZE,CZE,75,204,-,-,-,8480172.0,"[92, 61, 63, 28, 14]","[26, 43, 39, 58, 7]","[None, None, None, None, None]","[30, 49, 82, 40, 8]","['TBL', 'TBL', 'TBL', 'PIT', 'SJS']"
2023-2024,Jani Hakanpää,DAL,D,200.0,101.0,,90.0,176.0,102.0,187.0,151.0,194.0,242.0,198.0,22.0,,162.0,Second Pair,64,1193.3666666667,2,10,12,1.68,50.54,50.39,31,1992-03-31,FIN,FIN,78,225,2010,4,104,,"[None, 12, 7, 31, 23]","[None, 44, 74, 40, 67]","[None, None, None, None, None]","[None, 22, 91, 63, 37]","[None, 'CAR', 'DAL', 'DAL', 'DAL']"
2023-2024,Jared Spurgeon,MIN,D,124.0,9.0,58.0,175.0,88.0,27.0,129.0,117.0,161.0,138.0,84.0,192.0,,58.0,First Pair,16,373.23333333333,0,5,5,1.09,63.16,56.08,33,1989-11-29,CAN,CAN,69,166,2008,6,156,8474716.0,"[88, 58, 85, 77, 22]","[93, 95, 97, 94, 97]","[50, 33, 56, 19, 53]","[42, 88, 21, 71, 0]","['MIN', 'MIN', 'MIN', 'MIN', 'MIN']"
2023-2024,Jarred Tinordi,CHI,D,248.0,235.0,,77.0,249.0,246.0,239.0,235.0,141.0,247.0,197.0,5.0,,202.0,Third Pair,52,813.58333333333,0,9,9,0.69,27.94,37.95,31,1992-02-20,USA,USA,78,229,2010,1,22,,"[16, 16, None, 0, 2]","[1, 77, None, 53, 2]","[None, None, None, None, None]","[56, 58, None, 66, 52]","['NSH', 'NSH', None, 'CHI', 'CHI']"
2023-2024,Jaycob Megna,CHI,D,231.0,205.0,,47.0,163.0,205.0,229.0,237.0,232.0,160.0,210.0,96.0,,230.0,Third Pair,44,771.01666666667,0,2,2,0.86,35.85,41.73,30,1992-12-10,USA,USA,78,220,2012,7,210,,"[None, None, 38, 60, 1]","[None, None, 14, 16, 31]","[None, None, None, None, None]","[None, None, 17, 63, 77]","[None, None, 'SJS', 'SEA', 'CHI']"
2023-2024,Jayden Struble,MTL,D,207.0,241.0,,,192.0,235.0,208.0,159.0,200.0,143.0,141.0,28.0,,229.0,Third Pair,56,902.26666666667,3,7,10,2.18,47.76,43.24,21,2001-09-08,USA,,72,202,2019,2,46,,"[None, None, None, None, 18]","[None, None, None, None, 3]","[None, None, None, None, None]","[None, None, None, None, None]","[None, None, None, None, 'MTL']"
2023-2024,Jeff Petry,DET,D,92.0,181.0,,124.0,136.0,181.0,91.0,125.0,61.0,174.0,149.0,43.0,,65.0,Second Pair,73,1372.05,3,21,24,3.48,46.55,46.95,35,1987-12-09,USA,USA,75,209,2006,2,45,8473507.0,"[85, 89, 69, 74, 51]","[40, 16, 8, 56, 23]","[43, 78, 7, 44, None]","[39, 7, 31, 45, 34]","['MTL', 'MTL', 'MTL', 'PIT', 'DET']"
2023-2024,Jeremy Lauzon,NSH,D,164.0,202.0,,128.0,185.0,147.0,70.0,88.0,220.0,218.0,189.0,1.0,,179.0,Second Pair,79,1470.4666666667,6,8,14,5.28,44.00,50.04,26,1997-04-28,CAN,CAN,73,204,2015,2,52,8478468.0,"[17, 44, 16, 22, 50]","[83, 64, 45, 13, 28]","[None, None, None, None, None]","[97, 80, 7, 42, 39]","['BOS', 'BOS', 'SEA', 'NSH', 'NSH']"
2023-2024,Joel Edmundson,TOR,D,211.0,247.0,,126.0,181.0,226.0,191.0,193.0,216.0,193.0,110.0,72.0,,188.0,Third Pair,53,883.3,1,5,6,2.17,49.23,46.83,30,1993-06-28,CAN,CAN,77,221,2011,2,46,,"[76, 59, 31, 8, 24]","[23, 23, 0, 3, 5]","[None, None, None, None, None]","[66, 15, 6, 4, 65]","['CAR', 'MTL', 'MTL', 'MTL', 'TOR']"
2023-2024,Joel Hanley,CGY,D,226.0,4.0,,,157.0,3.0,244.0,224.0,201.0,170.0,234.0,77.0,,245.0,Third Pair,42,583.6,1,4,5,1.09,53.85,53.49,32,1991-06-08,CAN,CAN,71,190,-,-,-,8477810.0,"[None, 43, 15, 3, 21]","[None, 97, 86, 100, 94]","[None, None, None, None, None]","[None, None, None, None, None]","[None, 'DAL', 'DAL', 'DAL', 'CGY']"
2023-2024,John Carlson,WSH,D,41.0,175.0,21.0,162.0,63.0,214.0,29.0,80.0,63.0,86.0,33.0,190.0,,8.0,First Pair,82,2123.1166666667,10,42,52,12.36,45.08,48.65,33,1990-01-10,USA,USA,75,215,2008,1,27,8474590.0,"[99, 93, 89, 94, 71]","[33, 73, 57, 52, 20]","[72, 71, 53, 75, 80]","[65, 51, 77, 22, 10]","['WSH', 'WSH', 'WSH', 'WSH', 'WSH']"
2023-2024,John Ludvig,PIT,D,85.0,160.0,,95.0,109.0,153.0,144.0,4.0,184.0,240.0,235.0,3.0,,235.0,Fringe,33,389.6,3,2,5,1.17,33.33,50.33,23,2000-08-02,CZE,CZE,73,213,2019,3,69,8481206.0,"[None, None, None, None, 66]","[None, None, None, None, 30]","[None, None, None, None, None]","[None, None, None, None, 51]","[None, None, None, None, 'PIT']"
2023-2024,John Marino,NJD,D,156.0,145.0,,136.0,89.0,64.0,233.0,205.0,107.0,178.0,69.0,215.0,,199.0,Second Pair,75,1571.85,4,21,25,4.91,42.74,51.16,26,1997-05-21,USA,USA,73,181,2015,6,154,,"[65, 13, 28, 62, 28]","[95, 75, 86, 33, 47]","[None, 31, 12, None, None]","[89, 45, 45, 27, 35]","['PIT', 'PIT', 'PIT', 'NJD', 'NJD']"
2023-2024,Johnathan Kovacevic,MTL,D,117.0,236.0,,143.0,162.0,172.0,166.0,29.0,98.0,194.0,169.0,92.0,,203.0,Third Pair,62,1024.1333333333,6,7,13,3.19,57.35,46.91,26,1997-07-12,CAN,CAN,76,208,2017,3,74,8480192.0,"[None, None, None, 49, 55]","[None, None, None, 19, 5]","[None, None, None, None, None]","[None, None, None, 30, 31]","[None, None, None, 'MTL', 'MTL']"
2023-2024,Jon Merrill,MIN,D,212.0,28.0,,,235.0,46.0,217.0,78.0,177.0,73.0,209.0,188.0,,234.0,Fringe,65,830.73333333333,4,7,11,2.54,47.46,48.2,31,1992-02-03,USA,USA,75,204,2010,2,38,8475750.0,"[11, 8, 33, 6, 25]","[98, 63, 83, 92, 78]","[None, None, None, None, None]","[38, 75, 40, 83, None]","['VGK', 'MTL', 'MIN', 'MIN', 'MIN']"
2023-2024,Jonas Brodin,MIN,D,132.0,10.0,,107.0,145.0,26.0,65.0,95.0,202.0,130.0,82.0,238.0,,47.0,First Pair,62,1449.0833333333,7,20,27,5.63,57.14,52.93,30,1993-07-12,SWE,SWE,74,196,2011,1,10,8476463.0,"[38, 51, 44, 25, 62]","[100, 85, 99, 92, 96]","[None, 13, 24, None, None]","[50, 87, 44, 84, 17]","['MIN', 'MIN', 'MIN', 'MIN', 'MIN']"
2023-2024,Jonas Siegenthaler,NJD,D,143.0,194.0,,92.0,56.0,98.0,172.0,227.0,192.0,129.0,114.0,110.0,,204.0,Second Pair,57,1102.3,1,8,9,2.25,43.06,49.24,26,1997-05-06,CHE,CHE,74,218,2015,2,57,8478399.0,"[37, 3, 41, 55, 36]","[92, 35, 37, 17, 35]","[None, None, None, None, None]","[54, 7, 78, 27, 58]","['WSH', 'WSH', 'NJD', 'NJD', 'NJD']"
2023-2024,Jordan Harris,MTL,D,147.0,103.0,,80.0,156.0,142.0,210.0,108.0,75.0,185.0,122.0,219.0,,159.0,Third Pair,56,978.43333333333,3,11,14,1.5,50.00,49.22,23,2000-07-07,USA,USA,71,189,2018,3,71,8480887.0,"[None, None, None, 29, 49]","[None, None, None, 54, 59]","[None, None, None, None, None]","[None, None, None, 95, 30]","[None, None, None, 'MTL', 'MTL']"
2023-2024,Jordan Spence,LAK,D,43.0,109.0,28.0,,31.0,38.0,99.0,175.0,23.0,30.0,57.0,120.0,,157.0,Third Pair,71,1024.25,2,22,24,3.79,53.75,54.39,22,2001-02-24,AUS,AUS,70,180,2019,4,95,8481606.0,"[None, None, 83, None, 82]","[None, None, 31, None, 60]","[None, None, 77, None, 61]","[None, None, None, None, None]","[None, None, 'LAK', None, 'LAK']"
2023-2024,Josh Manson,COL,D,26.0,42.0,,37.0,92.0,72.0,23.0,26.0,12.0,215.0,229.0,20.0,,84.0,Third Pair,76,1351.5,8,17,25,5.81,53.40,53.31,31,1991-10-07,USA,CAN,75,218,2011,6,160,8476312.0,"[15, 34, 47, 88, 92]","[19, 4, 66, 91, 69]","[None, None, None, None, None]","[69, 65, 37, 56, 82]","['ANA', 'ANA', 'COL', 'COL', 'COL']"
2023-2024,Josh Morrissey,WPG,D,17.0,142.0,54.0,,37.0,96.0,46.0,21.0,14.0,22.0,39.0,155.0,,12.0,First Pair,81,1958.7666666667,10,59,69,11.9,63.85,52.99,28,1995-03-28,CAN,CAN,72,185,2013,1,13,8477504.0,"[37, 42, 77, 96, 91]","[6, 12, 48, 38, 56]","[57, 54, 85, 55, 35]","[2, 4, 8, None, None]","['WPG', 'WPG', 'WPG', 'WPG', 'WPG']"
2023-2024,Joshua Brown,ARI,D,165.0,240.0,,74.0,212.0,248.0,117.0,62.0,167.0,188.0,236.0,12.0,,191.0,Third Pair,51,752.31666666667,3,7,10,1.99,50.00,43.17,29,1994-01-21,CAN,CAN,77,220,2013,6,152,,"[22, 0, 32, 17, 50]","[45, 55, 26, 11, 4]","[None, None, None, None, None]","[None, 67, 43, 9, 79]","['FLA', 'OTT', 'BOS', 'ARI', 'ARI']"
2023-2024,Joshua Mahura,FLA,D,174.0,62.0,,,169.0,48.0,121.0,195.0,168.0,68.0,118.0,80.0,,219.0,Fringe,30,377.76666666667,0,9,9,1.06,48.15,46.4,25,1998-05-05,CAN,CAN,72,185,2016,3,85,,"[None, 64, 34, 78, 10]","[None, 5, 21, 76, 81]","[None, None, None, None, None]","[None, None, None, None, None]","[None, 'ANA', 'ANA', 'FLA', 'FLA']"
2023-2024,Justin Barron,MTL,D,140.0,245.0,85.0,,188.0,222.0,167.0,27.0,164.0,75.0,130.0,113.0,,127.0,Second Pair,48,894.1,7,6,13,4.02,50.00,45.92,21,2001-11-15,CAN,CAN,74,201,2020,1,25,,"[None, None, None, 35, 48]","[None, None, None, 0, 6]","[None, None, None, 22, 10]","[None, None, None, None, None]","[None, None, None, 'MTL', 'MTL']"
2023-2024,Justin Faulk,STL,D,56.0,204.0,67.0,83.0,137.0,237.0,36.0,106.0,32.0,116.0,182.0,111.0,,32.0,Second Pair,60,1317.7333333333,2,28,30,7.5,45.65,46.47,31,1992-03-20,USA,USA,72,214,2010,2,37,8475753.0,"[54, 60, 84, 71, 76]","[65, 65, 36, 20, 24]","[40, 51, 8, 34, 34]","[71, 10, 77, 35, 61]","['STL', 'STL', 'STL', 'STL', 'STL']"
2023-2024,Justin Holl,DET,D,247.0,179.0,,49.0,170.0,130.0,249.0,238.0,247.0,99.0,228.0,70.0,,233.0,Third Pair,38,573.11666666667,0,5,5,0.73,56.25,43.72,31,1992-01-30,USA,USA,75,197,2010,2,54,8475718.0,"[72, 56, 52, 15, 0]","[25, 50, 46, 62, 16]","[None, None, None, None, None]","[75, 54, 79, 72, 66]","['TOR', 'TOR', 'TOR', 'TOR', 'DET']"
2023-2024,Justin Schultz,SEA,D,105.0,31.0,63.0,,166.0,28.0,71.0,36.0,172.0,46.0,218.0,225.0,,104.0,Third Pair,70,1153.1166666667,7,19,26,5.64,39.06,51.84,33,1990-07-06,CAN,CAN,74,190,2008,2,43,,"[37, 84, 62, 27, 69]","[65, 56, 81, 67, 92]","[24, 92, 45, 43, 38]","[None, None, None, None, None]","['PIT', 'WSH', 'WSH', 'SEA', 'SEA']"
2023-2024,Juuso Välimäki,ARI,D,184.0,95.0,86.0,,139.0,69.0,176.0,179.0,186.0,166.0,46.0,165.0,,137.0,Second Pair,68,1298.3833333333,2,15,17,4.35,58.43,52.24,24,1998-10-06,FIN,FIN,74,205,2017,1,16,,"[None, 84, None, 28, 29]","[None, 58, None, 54, 63]","[None, None, None, 23, 9]","[None, 63, None, None, None]","[None, 'CGY', None, 'ARI', 'ARI']"
2023-2024,K'Andre Miller,NYR,D,150.0,124.0,,15.0,119.0,148.0,156.0,59.0,208.0,156.0,139.0,76.0,,82.0,Second Pair,80,1724.9833333333,8,22,30,7.42,45.16,48.64,23,2000-01-21,USA,USA,77,215,2018,1,22,8480817.0,"[None, 29, 31, 56, 33]","[None, 40, 84, 47, 51]","[None, 2, None, None, None]","[None, 25, 53, 91, 89]","[None, 'NYR', 'NYR', 'NYR', 'NYR']"
2023-2024,Kaedan Korczak,VGK,D,64.0,88.0,,,79.0,54.0,111.0,150.0,18.0,102.0,167.0,68.0,,123.0,Third Pair,26,429.13333333333,1,8,9,1.17,68.97,53.38,22,2001-01-29,CAN,CAN,75,202,2019,2,41,8481527.0,"[None, None, None, None, 74]","[None, None, None, None, 58]","[None, None, None, None, None]","[None, None, None, None, None]","[None, None, None, None, 'VGK']"
2023-2024,Kaiden Guhle,MTL,D,153.0,178.0,,159.0,226.0,219.0,154.0,79.0,69.0,211.0,160.0,89.0,,59.0,Second Pair,70,1459.55,6,16,22,4.4,44.86,47.35,21,2002-01-18,CAN,CAN,74,205,2020,1,16,8482087.0,"[None, None, None, 42, 39]","[None, None, None, 14, 52]","[None, None, None, None, None]","[None, None, None, 1, 45]","[None, None, None, 'MTL', 'MTL']"
2023-2024,Kevin Bahl,NJD,D,169.0,127.0,,34.0,78.0,59.0,218.0,213.0,179.0,148.0,245.0,47.0,,239.0,Third Pair,82,1426.5166666667,1,10,11,2.29,49.21,52.03,23,2000-06-27,CAN,CAN,78,230,-,-,-,8480860.0,"[None, None, None, 65, 20]","[None, None, None, 32, 63]","[None, None, None, None, None]","[None, None, None, 99, 57]","[None, None, None, 'NJD', 'NJD']"
2023-2024,Kevin Korchinski,CHI,D,217.0,249.0,89.0,,194.0,242.0,131.0,136.0,246.0,47.0,100.0,243.0,,176.0,Second Pair,76,1490.85,5,10,15,2.98,33.01,41.05,19,2004-06-21,CAN,CAN,73,185,2022,1,7,8483466.0,"[None, None, None, None, 15]","[None, None, None, None, 0]","[None, None, None, None, 5]","[None, None, None, None, None]","[None, None, None, None, 'CHI']"
2023-2024,Kevin Shattenkirk,BOS,D,74.0,75.0,2.0,,141.0,161.0,73.0,75.0,47.0,60.0,199.0,128.0,,66.0,Third Pair,61,962.58333333333,6,18,24,3.02,50.00,52.35,34,1989-01-29,USA,USA,72,212,2007,1,14,,"[89, 43, 56, 49, 77]","[88, 45, 52, 32, 90]","[61, 35, 38, 80, 99]","[None, None, 68, 9, None]","['TBL', 'ANA', 'ANA', 'ANA', 'BOS']"
2023-2024,Kris Letang,PIT,D,24.0,206.0,64.0,26.0,19.0,196.0,32.0,45.0,41.0,62.0,153.0,90.0,,23.0,First Pair,82,2024.45,10,41,51,7.94,52.35,50.29,36,1987-04-24,CAN,CAN,72,201,2005,3,62,8471724.0,"[93, 87, 93, 81, 89]","[39, 30, 64, 37, 11]","[81, 90, 92, 68, 17]","[25, 53, 84, 97, 72]","['PIT', 'PIT', 'PIT', 'PIT', 'PIT']"
2023-2024,Kyle Burroughs,SJS,D,209.0,151.0,,38.0,180.0,228.0,180.0,180.0,228.0,227.0,186.0,11.0,,189.0,Second Pair,73,1397.6333333333,2,6,8,3.72,33.33,43.94,28,1995-07-12,CAN,CAN,72,193,2013,7,196,8477335.0,"[None, None, 9, 26, 18]","[None, None, 96, 78, 13]","[None, None, None, None, None]","[None, None, None, 84, 71]","[None, None, 'VAN', 'VAN', 'SJS']"
2023-2024,Logan Stanley,WPG,D,168.0,78.0,,137.0,168.0,149.0,53.0,137.0,240.0,93.0,250.0,13.0,,178.0,Third Pair,25,344.18333333333,1,1,2,0.85,59.09,48.92,25,1998-05-26,CAN,CAN,79,242,2016,1,18,8479378.0,"[None, 67, 66, None, 27]","[None, 52, 31, None, 72]","[None, None, None, None, None]","[None, None, 3, None, 42]","[None, 'WPG', 'WPG', None, 'WPG']"
2023-2024,Louis Crevier,CHI,D,250.0,242.0,,144.0,250.0,250.0,219.0,250.0,227.0,248.0,78.0,105.0,,174.0,Third Pair,24,376.4,0,3,3,0.46,20.69,30.78,22,2001-05-04,CAN,CAN,72,196,2020,7,188,,"[None, None, None, None, 0]","[None, None, None, None, 3]","[None, None, None, None, None]","[None, None, None, None, 32]","[None, None, None, None, 'CHI']"
2023-2024,Luke Hughes,NJD,D,83.0,212.0,24.0,,16.0,106.0,127.0,158.0,178.0,48.0,3.0,245.0,,57.0,Second Pair,82,1760.8333333333,9,38,47,6.99,48.11,52.4,19,2003-09-09,USA,USA,74,184,2021,1,4,8482684.0,"[None, None, None, None, 66]","[None, None, None, None, 14]","[None, None, None, None, 65]","[None, None, None, None, None]","[None, None, None, None, 'NJD']"
2023-2024,Luke Schenn,NSH,D,102.0,167.0,,64.0,96.0,109.0,51.0,173.0,180.0,97.0,219.0,2.0,,180.0,Third Pair,63,956.61666666667,1,6,7,2.38,45.61,51.61,33,1989-11-02,CAN,CAN,74,225,2008,1,5,8474568.0,"[66, 79, 43, 61, 56]","[11, 71, 59, 27, 42]","[None, None, None, None, None]","[5, None, 68, 36, 73]","['TBL', 'TBL', 'VAN', 'VAN', 'NSH']"
2023-2024,MacKenzie Weegar,CGY,D,18.0,39.0,41.0,32.0,33.0,65.0,9.0,8.0,74.0,122.0,161.0,52.0,,20.0,First Pair,82,1880.2833333333,20,32,52,9.69,48.87,51.05,29,1994-01-07,CAN,CAN,72,206,2013,7,206,8477346.0,"[83, 87, 97, 82, 92]","[91, 95, 87, 94, 64]","[None, None, None, 18, 72]","[16, 49, 59, 98, 64]","['FLA', 'FLA', 'FLA', 'CGY', 'CGY']"
2023-2024,Marc Staal,PHI,D,146.0,98.0,,119.0,66.0,146.0,223.0,152.0,162.0,125.0,143.0,107.0,,228.0,Third Pair,35,483.41666666667,1,4,5,1.24,47.06,52.94,36,1987-01-13,CAN,CAN,76,208,2005,1,12,,"[18, 8, 30, 45, 45]","[14, 11, 18, 52, 71]","[None, None, None, None, None]","[3, 20, 28, 58, 27]","['NYR', 'DET', 'DET', 'FLA', 'PHI']"
2023-2024,Marc-Edouard Vlasic,SJS,D,135.0,243.0,,104.0,183.0,245.0,101.0,48.0,163.0,243.0,112.0,202.0,,165.0,Third Pair,57,928.0,6,6,12,2.84,33.78,40.6,36,1987-03-30,CAN,CAN,73,205,2005,2,35,8471709.0,"[19, 13, 18, 34, 58]","[42, 53, 12, 10, 4]","[None, None, None, None, None]","[18, 66, 83, 26, 50]","['SJS', 'SJS', 'SJS', 'SJS', 'SJS']"
2023-2024,Marco Scandella,STL,D,233.0,221.0,,44.0,246.0,216.0,205.0,183.0,189.0,202.0,115.0,86.0,,243.0,Fringe,65,810.8,2,6,8,2.21,50.98,40.59,33,1990-02-23,CAN,CAN,75,212,2008,2,55,,"[52, 6, 14, 5, 10]","[60, 48, 10, 13, 22]","[None, None, None, None, None]","[11, 6, 69, 35, 84]","['STL', 'STL', 'STL', 'STL', 'STL']"
2023-2024,Marcus Pettersson,PIT,D,55.0,107.0,,45.0,15.0,144.0,112.0,201.0,49.0,162.0,151.0,94.0,,79.0,First Pair,82,1859.0166666667,4,26,30,4.62,56.49,51.94,27,1996-05-08,SWE,SWE,75,177,2014,2,38,8477969.0,"[40, 33, 69, 89, 69]","[80, 82, 98, 51, 50]","[11, None, None, None, None]","[64, None, None, 94, 53]","['PIT', 'PIT', 'PIT', 'PIT', 'PIT']"
2023-2024,Mario Ferraro,SJS,D,176.0,237.0,,176.0,149.0,240.0,141.0,177.0,185.0,208.0,120.0,106.0,,117.0,First Pair,78,1783.8166666667,3,18,21,5.38,36.55,43.71,24,1998-09-17,CAN,CAN,72,209,2017,2,49,8479983.0,"[36, 33, 4, 15, 54]","[61, 66, 7, 5, 12]","[None, 21, None, None, None]","[98, 60, 4, 5, 3]","['SJS', 'SJS', 'SJS', 'SJS', 'SJS']"
2023-2024,Mark Giordano,TOR,D,49.0,32.0,,99.0,12.0,56.0,59.0,89.0,157.0,108.0,227.0,119.0,,97.0,Third Pair,46,764.38333333333,3,6,9,2.9,56.14,54.05,39,1983-10-03,CAN,CAN,72,205,-,-,-,,"[86, 83, 64, 75, 80]","[97, 83, 93, 85, 82]","[78, 67, 34, None, None]","[67, 59, 73, 88, 18]","['CGY', 'CGY', 'TOR', 'TOR', 'TOR']"
2023-2024,Martin Fehervary,WSH,D,204.0,149.0,,29.0,165.0,164.0,198.0,121.0,226.0,220.0,44.0,24.0,,129.0,Second Pair,66,1295.65,3,13,16,2.66,42.86,48.12,23,1999-10-06,SVK,SVK,74,199,2018,2,46,,"[None, None, 42, 27, 17]","[None, None, 44, 49, 39]","[None, None, None, None, None]","[None, None, 66, 70, 84]","[None, None, 'WSH', 'WSH', 'WSH']"
2023-2024,Mason Lohrei,BOS,D,166.0,193.0,,,173.0,199.0,171.0,49.0,199.0,12.0,174.0,169.0,,113.0,Third Pair,41,695.26666666667,4,9,13,2.48,48.21,47.19,22,2001-01-17,USA,,77,211,2020,2,58,8482511.0,"[None, None, None, None, 34]","[None, None, None, None, 19]","[None, None, None, None, None]","[None, None, None, None, None]","[None, None, None, None, 'BOS']"
2023-2024,Mathew Dumba,ARI,D,194.0,198.0,,156.0,209.0,140.0,147.0,93.0,191.0,192.0,206.0,55.0,,152.0,Second Pair,76,1499.6833333333,4,8,12,5.45,42.59,46.75,29,1994-07-25,CAN,CAN,72,181,2012,1,7,,"[59, 70, 68, 32, 19]","[67, 70, 83, 63, 6]","[38, 43, 54, None, None]","[82, 66, 38, 72, 4]","['MIN', 'MIN', 'MIN', 'MIN', 'ARI']"
2023-2024,Matt Grzelcyk,BOS,D,115.0,183.0,,97.0,83.0,154.0,140.0,207.0,94.0,24.0,184.0,171.0,,177.0,Third Pair,63,1108.65,2,9,11,2.82,58.82,47.49,29,1994-01-05,USA,USA,70,176,2012,3,85,,"[64, 99, 64, 68, 42]","[86, 97, 95, 69, 7]","[39, 38, 29, None, None]","[93, None, None, None, 49]","['BOS', 'BOS', 'BOS', 'BOS', 'BOS']"
2023-2024,Matt Roy,LAK,D,38.0,118.0,,122.0,39.0,57.0,35.0,76.0,59.0,158.0,159.0,91.0,,72.0,Second Pair,81,1692.4833333333,5,20,25,6.76,56.14,55.52,28,1995-03-01,USA,USA,73,205,2015,7,194,,"[68, 22, 93, 72, 86]","[89, 31, 24, 11, 90]","[None, None, None, None, None]","[37, 26, 5, 17, 59]","['LAK', 'LAK', 'LAK', 'LAK', 'LAK']"
2023-2024,Matthew Kessel,STL,D,230.0,64.0,,,239.0,156.0,230.0,221.0,122.0,128.0,147.0,143.0,,196.0,Third Pair,39,654.98333333333,1,6,7,1.17,50.00,44.26,23,2000-06-23,USA,USA,74,205,2020,5,150,,"[None, None, None, None, 9]","[None, None, None, None, 66]","[None, None, None, None, None]","[None, None, None, None, None]","[None, None, None, None, 'STL']"
2023-2024,Mattias Ekholm,EDM,D,3.0,70.0,65.0,75.0,3.0,23.0,17.0,16.0,7.0,82.0,126.0,109.0,,48.0,Second Pair,79,1662.9,11,34,45,10.58,64.23,61.01,33,1990-05-24,SWE,SWE,76,215,2009,4,102,8475218.0,"[88, 84, 58, 90, 100]","[40, 28, 50, 71, 73]","[47, 7, 15, 9, 47]","[22, 38, 39, 19, 76]","['NSH', 'NSH', 'NSH', 'NSH', 'EDM']"
2023-2024,Mattias Samuelsson,BUF,D,203.0,171.0,,94.0,113.0,143.0,175.0,223.0,235.0,134.0,204.0,60.0,,133.0,Second Pair,41,840.5,1,6,7,1.17,50.00,51.31,23,2000-03-14,USA,USA,76,231,2018,2,32,8480807.0,"[None, 2, 21, 39, 17]","[None, 9, 35, 41, 34]","[None, None, None, None, None]","[None, 0, 32, 11, 75]","[None, 'BUF', 'BUF', 'BUF', 'BUF']"
2023-2024,Michael Kesselring,ARI,D,58.0,158.0,,,94.0,100.0,68.0,44.0,52.0,78.0,241.0,57.0,,155.0,Third Pair,65,1026.5333333333,5,16,21,3.31,57.30,49.13,23,2000-01-13,USA,USA,76,190,2018,6,164,,"[None, None, None, None, 75]","[None, None, None, None, 31]","[None, None, None, None, None]","[None, None, None, None, None]","[None, None, None, None, 'ARI']"
2023-2024,Mike Matheson,MTL,D,72.0,222.0,32.0,178.0,198.0,225.0,52.0,52.0,36.0,203.0,73.0,180.0,,11.0,First Pair,82,2095.3333333333,11,51,62,10.1,44.95,44.88,29,1994-02-27,CAN,CAN,74,193,2012,1,23,8476875.0,"[76, 78, 93, 85, 49]","[15, 66, 81, 18, 10]","[None, 4, None, 50, 63]","[10, None, None, 13, 2]","['FLA', 'PIT', 'PIT', 'MTL', 'MTL']"
2023-2024,Mike Reilly,FLA,D,21.0,144.0,66.0,,46.0,58.0,8.0,40.0,45.0,8.0,201.0,157.0,,75.0,Third Pair,61,1046.5166666667,6,18,24,5.05,48.68,54.75,30,1993-07-13,USA,USA,73,196,2011,4,98,,"[86, 79, 78, None, 92]","[7, 26, 76, None, 32]","[86, 57, None, None, 28]","[None, 21, 88, None, None]","['OTT', 'OTT', 'BOS', None, 'FLA']"
2023-2024,Mikey Anderson,LAK,D,162.0,92.0,,132.0,128.0,22.0,162.0,166.0,182.0,191.0,23.0,79.0,,171.0,Second Pair,74,1526.7166666667,2,16,18,4.57,56.82,52.8,24,1999-05-25,USA,USA,72,195,2017,4,103,8479998.0,"[None, 11, 44, 24, 45]","[None, 47, 25, 35, 86]","[None, None, None, None, None]","[None, 24, 9, 11, 52]","[None, 'LAK', 'LAK', 'LAK', 'LAK']"
2023-2024,Mikhail Sergachev,TBL,D,67.0,192.0,17.0,109.0,59.0,151.0,90.0,122.0,66.0,37.0,188.0,130.0,,37.0,First Pair,34,766.9,2,17,19,2.86,34.00,49.81,25,1998-06-25,RUS,RUS,73,217,2016,1,9,,"[57, 86, 78, 94, 52]","[84, 61, 24, 17, 40]","[76, 42, 27, 88, 86]","[98, 86, 48, 6, 69]","['TBL', 'TBL', 'TBL', 'TBL', 'TBL']"
2023-2024,Miro Heiskanen,DAL,D,22.0,40.0,3.0,,22.0,10.0,45.0,68.0,24.0,19.0,22.0,217.0,,17.0,First Pair,71,1742.3666666667,9,45,54,10.67,53.54,58.85,24,1999-07-18,FIN,FIN,73,195,2017,1,3,8480036.0,"[84, 55, 71, 89, 90]","[55, 46, 61, 72, 88]","[58, 66, 73, 99, 95]","[64, 57, 75, 73, None]","['DAL', 'DAL', 'DAL', 'DAL', 'DAL']"
2023-2024,Morgan Rielly,TOR,D,23.0,218.0,10.0,,43.0,182.0,27.0,96.0,11.0,41.0,41.0,136.0,,15.0,First Pair,72,1709.3666666667,7,51,58,8.98,53.85,48.95,29,1994-03-09,CAN,CAN,73,222,2012,1,5,8476853.0,"[91, 65, 96, 79, 88]","[12, 10, 29, 22, 16]","[59, 75, 89, 94, 90]","[48, None, 74, 85, None]","['TOR', 'TOR', 'TOR', 'TOR', 'TOR']"
2023-2024,Moritz Seider,DET,D,139.0,138.0,36.0,170.0,215.0,232.0,88.0,120.0,82.0,239.0,61.0,53.0,,27.0,First Pair,82,1833.4833333333,9,33,42,6.41,47.73,43.72,22,2001-04-06,DEU,DEU,76,204,2019,1,6,8481542.0,"[None, None, 55, 38, 48]","[None, None, 43, 64, 40]","[None, None, 74, 41, 70]","[None, None, 47, 39, 3]","[None, None, 'DET', 'DET', 'DET']"
2023-2024,Nate Schmidt,WPG,D,128.0,26.0,83.0,,107.0,16.0,93.0,167.0,151.0,50.0,55.0,154.0,,144.0,Third Pair,63,1059.4333333333,2,12,14,3.45,57.41,54.95,32,1991-07-16,USA,USA,72,195,-,-,-,8477220.0,"[80, 71, 58, 69, 35]","[67, 6, 25, 74, 94]","[91, 3, 75, 24, 6]","[51, 11, None, 69, None]","['VGK', 'VAN', 'WPG', 'WPG', 'WPG']"
2023-2024,Neal Pionk,WPG,D,114.0,189.0,88.0,153.0,142.0,167.0,58.0,114.0,158.0,100.0,124.0,44.0,,60.0,Second Pair,82,1707.9666666667,5,28,33,6.26,52.73,48.35,28,1995-07-29,USA,USA,72,185,-,-,-,8480145.0,"[54, 66, 57, 62, 50]","[20, 37, 7, 44, 26]","[97, 96, 52, 3, 8]","[0, None, 9, 58, 12]","['WPG', 'WPG', 'WPG', 'WPG', 'WPG']"
2023-2024,Nick DeSimone,NJD,D,61.0,180.0,,,23.0,200.0,143.0,70.0,88.0,59.0,65.0,139.0,,209.0,Third Pair,34,458.35,2,5,7,0.91,55.56,49.58,28,1994-11-21,USA,USA,74,185,-,-,-,8480084.0,"[None, None, None, None, 74]","[None, None, None, None, 23]","[None, None, None, None, None]","[None, None, None, None, None]","[None, None, None, None, 'NJD']"
2023-2024,Nick Jensen,WSH,D,171.0,185.0,,163.0,218.0,135.0,164.0,171.0,72.0,231.0,7.0,159.0,,141.0,Second Pair,78,1531.1,1,13,14,3.62,45.83,44.66,32,1990-09-21,USA,USA,73,205,2009,5,150,8475324.0,"[13, 52, 45, 74, 14]","[44, 85, 73, 55, 13]","[None, None, None, None, None]","[91, 54, 49, 40, 7]","['WSH', 'WSH', 'WSH', 'WSH', 'WSH']"
2023-2024,Nick Leddy,STL,D,208.0,215.0,,173.0,216.0,224.0,222.0,222.0,105.0,226.0,14.0,226.0,,135.0,First Pair,82,1833.65,3,25,28,3.53,50.41,42.82,32,1991-03-20,USA,USA,72,205,2009,1,16,8475181.0,"[36, 37, 6, 18, 23]","[3, 32, 22, 45, 9]","[4, 62, 3, None, None]","[94, None, None, 39, 4]","['NYI', 'NYI', 'STL', 'STL', 'STL']"
2023-2024,Nick Perbix,TBL,D,101.0,56.0,,,121.0,82.0,170.0,215.0,30.0,153.0,10.0,133.0,,166.0,Third Pair,77,1315.2833333333,2,22,24,2.88,50.00,47.8,25,1998-06-15,USA,USA,74,191,2017,6,169,8480246.0,"[None, None, None, 93, 28]","[None, None, None, 24, 93]","[None, None, None, None, None]","[None, None, None, None, None]","[None, None, None, 'TBL', 'TBL']"
2023-2024,Nick Seeler,PHI,D,84.0,5.0,,5.0,77.0,138.0,61.0,186.0,120.0,132.0,62.0,32.0,,86.0,Third Pair,71,1203.3333333333,1,12,13,3.35,52.13,54.74,30,1993-06-03,USA,USA,74,201,2011,5,131,8476372.0,"[None, None, 1, 44, 82]","[None, None, 55, 98, 98]","[None, None, None, None, None]","[None, None, 96, 89, 97]","[None, None, 'PHI', 'PHI', 'PHI']"
2023-2024,Nicolas Hague,VGK,D,130.0,77.0,,100.0,155.0,124.0,64.0,165.0,150.0,146.0,85.0,62.0,,131.0,Second Pair,73,1354.3333333333,2,10,12,4.06,47.42,50.68,24,1998-12-05,CAN,CAN,78,230,2017,2,34,8479980.0,"[87, 91, 89, 48, 40]","[56, 93, 60, 82, 62]","[82, None, None, None, None]","[None, 92, 94, None, 36]","['VGK', 'VGK', 'VGK', 'VGK', 'VGK']"
2023-2024,Nikita Okhotiuk,CGY,D,182.0,244.0,,48.0,210.0,247.0,125.0,210.0,112.0,235.0,243.0,14.0,,181.0,Third Pair,52,827.45,1,8,9,2.82,32.86,42.57,22,2000-12-04,RUS,RUS,73,195,2019,2,61,8481537.0,"[None, None, None, None, 28]","[None, None, None, None, 2]","[None, None, None, None, None]","[None, None, None, None, 74]","[None, None, None, None, 'CGY']"
2023-2024,Nikita Zadorov,CGY,D,65.0,116.0,,123.0,115.0,24.0,56.0,17.0,84.0,131.0,246.0,25.0,,160.0,Third Pair,75,1308.0666666667,6,14,20,3.49,50.57,49.27,28,1995-04-16,RUS,RUS,78,248,2013,1,16,,"[28, 6, 80, 88, 63]","[51, 45, 69, 59, 50]","[None, None, None, None, None]","[86, 24, None, 55, 28]","['COL', 'CHI', 'CGY', 'CGY', 'CGY']"
2023-2024,Nikita Zaitsev,CHI,D,229.0,173.0,,,227.0,234.0,224.0,219.0,169.0,70.0,191.0,40.0,,183.0,Third Pair,38,605.36666666667,2,5,7,1.03,37.84,43.46,31,1991-10-29,RUS,RUS,74,192,-,-,-,,"[23, 46, 22, 2, 18]","[21, 12, 26, 19, 53]","[None, None, None, None, None]","[27, 23, 37, 67, None]","['OTT', 'OTT', 'OTT', 'OTT', 'CHI']"
2023-2024,Niko Mikkola,FLA,D,206.0,131.0,,20.0,146.0,68.0,192.0,218.0,225.0,161.0,212.0,45.0,,193.0,Second Pair,82,1643.0166666667,3,14,17,3.94,50.51,52.64,27,1996-04-27,FIN,FIN,76,209,2015,5,127,8478859.0,"[None, 7, 38, 2, 38]","[None, 37, 34, 40, 62]","[None, None, None, None, None]","[None, 73, 96, 29, 92]","[None, 'STL', 'STL', 'NYR', 'FLA']"
2023-2024,Nils Lundkvist,DAL,D,33.0,186.0,74.0,,35.0,78.0,60.0,126.0,21.0,14.0,170.0,160.0,,167.0,Third Pair,59,832.26666666667,2,17,19,2.56,60.94,52.34,23,2000-07-27,SWE,SWE,71,190,2018,1,28,,"[None, None, 6, 83, 90]","[None, None, 5, 53, 24]","[None, None, 76, 48, 14]","[None, None, None, None, None]","[None, None, 'NYR', 'DAL', 'DAL']"
2023-2024,Noah Dobson,NYI,D,19.0,134.0,22.0,84.0,65.0,185.0,15.0,32.0,9.0,67.0,88.0,172.0,,6.0,First Pair,79,1937.1166666667,10,60,70,6.87,57.26,50.48,23,2000-01-07,CAN,CAN,76,194,2018,1,12,8480865.0,"[70, 73, 83, 96, 88]","[43, 74, 42, 56, 46]","[22, 46, 80, 74, 74]","[None, None, None, None, 57]","['NYI', 'NYI', 'NYI', 'NYI', 'NYI']"
2023-2024,Noah Hanifin,VGK,D,34.0,141.0,27.0,82.0,50.0,99.0,37.0,50.0,38.0,157.0,94.0,196.0,,33.0,First Pair,80,1889.1166666667,13,34,47,11.43,55.38,52.05,26,1997-01-25,USA,USA,75,207,2015,1,5,8478396.0,"[68, 85, 92, 86, 84]","[17, 71, 56, 60, 36]","[55, 64, 69, 57, 76]","[40, None, 94, 81, 24]","['CGY', 'CGY', 'CGY', 'CGY', 'VGK']"
2023-2024,Noah Juulsen,VAN,D,221.0,41.0,,6.0,223.0,47.0,237.0,229.0,116.0,213.0,113.0,9.0,,226.0,Third Pair,54,804.3,1,6,7,1.25,50.00,47.64,26,1997-04-02,CAN,CAN,74,201,2015,1,26,8478454.0,"[None, None, None, None, 13]","[None, None, None, None, 77]","[None, None, None, None, None]","[None, None, None, None, 94]","[None, None, None, None, 'VAN']"
2023-2024,Olen Zellweger,ANA,D,196.0,199.0,68.0,,241.0,183.0,190.0,55.0,103.0,11.0,15.0,223.0,,93.0,Second Pair,26,501.4,2,7,9,2.0,35.48,43.17,19,2003-09-10,CAN,CAN,69,175,2021,2,34,8482803.0,"[None, None, None, None, 25]","[None, None, None, None, 18]","[None, None, None, None, 27]","[None, None, None, None, None]","[None, None, None, None, 'ANA']"
2023-2024,Oliver Ekman-Larsson,FLA,D,63.0,191.0,31.0,46.0,75.0,84.0,63.0,57.0,91.0,49.0,177.0,125.0,,96.0,Second Pair,80,1471.5333333333,9,23,32,6.47,55.06,53.96,32,1991-07-17,SWE,SWE,74,200,2009,1,6,,"[70, 52, 72, 64, 78]","[8, 5, 30, 9, 52]","[16, 65, 70, 16, 84]","[33, 52, 30, 60, 78]","['ARI', 'ARI', 'VAN', 'VAN', 'FLA']"
2023-2024,Oliver Kylington,CGY,D,68.0,170.0,,,48.0,187.0,62.0,28.0,221.0,64.0,192.0,200.0,,111.0,Third Pair,33,569.18333333333,3,5,8,2.09,43.75,49.74,26,1997-05-19,SWE,SWE,72,183,2015,2,60,,"[20, None, 81, None, 70]","[15, None, 67, None, 22]","[None, None, 37, None, None]","[None, None, None, None, None]","['CGY', None, 'CGY', None, 'CGY']"
2023-2024,Olli Määttä,DET,D,227.0,61.0,,,225.0,42.0,234.0,113.0,214.0,77.0,45.0,177.0,,200.0,Third Pair,72,1155.8833333333,4,14,18,2.47,57.50,49.4,29,1994-08-22,FIN,FIN,74,207,2012,1,22,8476874.0,"[48, 10, 20, 14, 10]","[37, 20, 27, 70, 84]","[None, None, None, None, None]","[81, 67, 21, 93, None]","['CHI', 'LAK', 'LAK', 'DET', 'DET']"
2023-2024,Owen Power,BUF,D,109.0,182.0,81.0,161.0,84.0,152.0,185.0,86.0,119.0,61.0,95.0,232.0,,69.0,First Pair,76,1741.9166666667,6,27,33,6.61,54.14,48.56,20,2002-11-22,CAN,CAN,78,218,2021,1,1,8482671.0,"[None, None, None, 54, 53]","[None, None, None, 21, 40]","[None, None, None, 32, 12]","[None, None, None, 12, 20]","[None, None, None, 'BUF', 'BUF']"
2023-2024,Parker Wotherspoon,BOS,D,220.0,93.0,,27.0,101.0,114.0,216.0,249.0,236.0,199.0,18.0,34.0,,192.0,Third Pair,41,726.63333333333,0,8,8,0.79,56.52,51.65,26,1997-08-24,CAN,CAN,73,190,2015,4,112,8478450.0,"[None, None, None, None, 14]","[None, None, None, None, 57]","[None, None, None, None, None]","[None, None, None, None, 82]","[None, None, None, None, 'BOS']"
2023-2024,Pavel Mintyukov,ANA,D,149.0,229.0,70.0,164.0,160.0,227.0,145.0,102.0,128.0,89.0,9.0,112.0,,90.0,Second Pair,63,1187.2166666667,4,24,28,5.24,36.25,45.85,19,2003-11-25,RUS,RUS,73,192,2022,1,10,8483490.0,"[None, None, None, None, 41]","[None, None, None, None, 9]","[None, None, None, None, 26]","[None, None, None, None, 16]","[None, None, None, None, 'ANA']"
2023-2024,Pierre-Olivier Joseph,PIT,D,70.0,214.0,,,54.0,201.0,122.0,131.0,65.0,137.0,138.0,129.0,,225.0,Third Pair,52,784.4,2,9,11,1.35,47.14,47.51,24,1999-07-01,CAN,CAN,74,185,2017,1,23,,"[None, 88, None, 83, 59]","[None, 14, None, 27, 14]","[None, None, None, 73, None]","[None, None, None, None, None]","[None, 'PIT', None, 'PIT', 'PIT']"
2023-2024,Quinn Hughes,VAN,D,29.0,135.0,7.0,,47.0,32.0,67.0,39.0,15.0,31.0,29.0,246.0,,7.0,First Pair,82,2024.1666666667,17,75,92,11.45,62.59,54.64,23,1999-10-14,USA,USA,70,180,2018,1,7,8480800.0,"[83, 50, 67, 51, 97]","[11, 7, 53, 68, 36]","[77, 85, 86, 92, 94]","[None, None, 45, 21, None]","['VAN', 'VAN', 'VAN', 'VAN', 'VAN']"
2023-2024,Radko Gudas,ANA,D,79.0,43.0,,112.0,125.0,62.0,54.0,73.0,89.0,198.0,244.0,4.0,,80.0,Second Pair,66,1287.3,6,12,18,2.88,52.87,49.87,33,1990-06-05,CZE,CZE,72,208,2010,3,66,8475462.0,"[63, 61, 67, 91, 43]","[27, 75, 81, 87, 74]","[None, None, None, None, None]","[75, 61, 69, 66, 23]","['WSH', 'FLA', 'FLA', 'FLA', 'ANA']"
2023-2024,Rasmus Andersson,CGY,D,44.0,157.0,45.0,58.0,44.0,192.0,76.0,72.0,43.0,94.0,24.0,224.0,,25.0,First Pair,78,1858.45,9,30,39,9.33,47.89,47.78,26,1996-10-27,SWE,SWE,73,202,2015,2,53,8478397.0,"[54, 45, 81, 79, 81]","[70, 30, 77, 66, 19]","[23, 24, 79, 86, 40]","[None, 70, 98, 74, 40]","['CGY', 'CGY', 'CGY', 'CGY', 'CGY']"
2023-2024,Rasmus Dahlin,BUF,D,31.0,86.0,23.0,120.0,64.0,103.0,31.0,30.0,35.0,42.0,107.0,104.0,,4.0,First Pair,81,2059.2166666667,20,39,59,14.61,50.00,51.02,23,2000-04-13,SWE,SWE,75,202,2018,1,1,8480839.0,"[42, 63, 60, 88, 87]","[39, 13, 38, 65, 68]","[80, 59, 51, 83, 75]","[None, None, 32, 51, 29]","['BUF', 'BUF', 'BUF', 'BUF', 'BUF']"
2023-2024,Rasmus Ristolainen,PHI,D,138.0,54.0,,41.0,98.0,74.0,79.0,185.0,219.0,152.0,77.0,49.0,,130.0,Third Pair,31,517.41666666667,1,3,4,2.01,47.37,56.19,28,1994-10-27,FIN,FIN,76,221,2013,1,8,8477499.0,"[27, 18, 34, 12, 68]","[54, 43, 33, 75, 83]","[18, 37, None, None, None]","[13, 10, 46, 31, 87]","['BUF', 'BUF', 'PHI', 'PHI', 'PHI']"
2023-2024,Rasmus Sandin,WSH,D,122.0,164.0,71.0,,82.0,165.0,199.0,107.0,117.0,104.0,96.0,108.0,,106.0,Second Pair,68,1436.2,3,20,23,4.57,44.23,46.15,23,2000-03-07,SWE,SWE,71,182,2018,1,29,8480873.0,"[44, None, 74, 73, 30]","[10, None, 71, 41, 30]","[None, None, 16, 31, 32]","[None, None, None, None, None]","['TOR', None, 'TOR', 'WSH', 'WSH']"
2023-2024,Robert Bortuzzo,NYI,D,240.0,68.0,,171.0,211.0,212.0,236.0,214.0,237.0,45.0,249.0,36.0,,240.0,Third Pair,27,370.73333333333,0,0,0,0.73,46.43,41.69,34,1989-03-18,CAN,CAN,76,216,2007,3,78,,"[43, 21, 5, 21, 3]","[75, 96, 74, 65, 74]","[None, None, None, None, None]","[48, 3, 62, 4, 9]","['STL', 'STL', 'STL', 'STL', 'NYI']"
2023-2024,Roman Josi,NSH,D,2.0,91.0,6.0,,13.0,139.0,2.0,6.0,2.0,3.0,63.0,220.0,,1.0,First Pair,82,2019.75,23,62,85,16.22,56.55,55.43,33,1990-06-01,CHE,CHE,73,201,2008,2,38,8474600.0,"[99, 89, 99, 98, 99]","[58, 76, 69, 62, 61]","[98, 68, 97, 91, 92]","[40, None, None, 75, None]","['NSH', 'NSH', 'NSH', 'NSH', 'NSH']"
2023-2024,Ryan Graves,PIT,D,77.0,187.0,,76.0,60.0,162.0,78.0,77.0,175.0,221.0,146.0,144.0,,124.0,Second Pair,70,1287.15,3,11,14,3.09,50.67,50.25,28,1995-05-21,CAN,CAN,77,220,2013,4,110,8477435.0,"[94, 92, 82, 81, 52]","[94, 94, 29, 9, 56]","[None, None, None, None, None]","[35, 60, 35, 48, 62]","['COL', 'COL', 'NJD', 'NJD', 'PIT']"
2023-2024,Ryan Johnson,BUF,D,158.0,22.0,,,102.0,35.0,128.0,244.0,101.0,9.0,165.0,249.0,,236.0,Third Pair,41,568.55,0,7,7,1.47,56.41,51.52,22,2001-07-24,USA,,72,170,2019,1,31,,"[None, None, None, None, 38]","[None, None, None, None, 87]","[None, None, None, None, None]","[None, None, None, None, None]","[None, None, None, None, 'BUF']"
2023-2024,Ryan Lindgren,NYR,D,175.0,115.0,,66.0,140.0,85.0,181.0,208.0,174.0,123.0,54.0,118.0,,164.0,Second Pair,76,1470.2833333333,3,14,17,3.53,56.12,45.01,25,1998-02-11,USA,USA,72,190,2016,2,49,8479324.0,"[26, 46, 17, 64, 21]","[61, 63, 87, 87, 24]","[None, None, None, None, None]","[20, 58, 56, 78, 44]","['NYR', 'NYR', 'NYR', 'NYR', 'NYR']"
2023-2024,Ryan McDonagh,NSH,D,75.0,97.0,76.0,146.0,34.0,132.0,189.0,192.0,58.0,112.0,71.0,211.0,,78.0,Second Pair,74,1612.3166666667,3,29,32,4.23,55.79,56.69,34,1989-06-13,USA,USA,73,215,2007,1,12,8474151.0,"[43, 74, 38, 39, 82]","[92, 87, 54, 32, 80]","[None, None, None, None, 20]","[32, 76, 23, 36, 21]","['TBL', 'TBL', 'TBL', 'NSH', 'NSH']"
2023-2024,Ryan Pulock,NYI,D,113.0,106.0,40.0,115.0,118.0,207.0,96.0,142.0,114.0,229.0,50.0,100.0,,52.0,First Pair,58,1307.0333333333,5,14,19,3.33,50.55,48.93,28,1994-10-06,CAN,CAN,74,216,2013,1,15,8477506.0,"[67, 81, 74, 60, 46]","[34, 91, 64, 37, 68]","[56, 15, 47, 33, 73]","[57, 94, 74, 87, 13]","['NYI', 'NYI', 'NYI', 'NYI', 'NYI']"
2023-2024,Ryan Shea,PIT,D,237.0,219.0,,86.0,95.0,215.0,242.0,155.0,250.0,184.0,136.0,141.0,,248.0,Fringe,31,391.36666666667,1,0,1,0.44,48.00,46.91,26,1997-02-11,USA,USA,74,200,2015,4,121,,"[None, None, None, None, 7]","[None, None, None, None, 10]","[None, None, None, None, None]","[None, None, None, None, 56]","[None, None, None, None, 'PIT']"
2023-2024,Ryan Suter,DAL,D,126.0,89.0,,19.0,73.0,51.0,119.0,203.0,176.0,113.0,157.0,167.0,,145.0,Second Pair,82,1553.0666666667,2,15,17,3.88,53.04,53.62,38,1985-01-21,USA,USA,73,205,2003,1,7,,"[75, 47, 42, 50, 52]","[57, 60, 42, 77, 58]","[49, 44, 49, 20, None]","[18, 47, 78, 59, 89]","['MIN', 'MIN', 'DAL', 'DAL', 'DAL']"
2023-2024,Ryker Evans,SEA,D,193.0,6.0,25.0,,196.0,2.0,150.0,206.0,142.0,69.0,152.0,83.0,,161.0,Second Pair,36,690.43333333333,1,8,9,2.09,48.65,53.02,21,2001-12-13,CAN,CAN,71,189,2021,2,35,,"[None, None, None, None, 26]","[None, None, None, None, 97]","[None, None, None, None, 62]","[None, None, None, None, None]","[None, None, None, None, 'SEA']"
2023-2024,Sam Malinski,COL,D,76.0,136.0,,,189.0,133.0,19.0,18.0,127.0,244.0,32.0,184.0,,91.0,Third Pair,23,327.18333333333,3,7,10,1.1,55.17,45.98,25,1998-07-27,USA,,71,190,-,-,-,8484258.0,"[None, None, None, None, 68]","[None, None, None, None, 42]","[None, None, None, None, None]","[None, None, None, None, None]","[None, None, None, None, 'COL']"
2023-2024,Samuel Bolduc,NYI,D,213.0,165.0,,,186.0,206.0,103.0,169.0,245.0,27.0,117.0,73.0,,220.0,Third Pair,34,446.93333333333,2,3,5,1.02,45.71,47.85,22,2000-12-09,CAN,CAN,76,220,2019,2,57,8481541.0,"[None, None, None, None, 16]","[None, None, None, None, 28]","[None, None, None, None, None]","[None, None, None, None, None]","[None, None, None, None, 'NYI']"
2023-2024,Samuel Girard,COL,D,53.0,73.0,87.0,63.0,20.0,116.0,102.0,189.0,56.0,180.0,16.0,150.0,,81.0,Second Pair,59,1143.5,3,15,18,3.72,47.96,53.36,25,1998-05-12,CAN,CAN,70,170,2016,2,47,8479398.0,"[62, 94, 49, 59, 85]","[82, 81, 61, 84, 61]","[28, 69, 19, 27, 3]","[None, 72, None, 78, 48]","['COL', 'COL', 'COL', 'COL', 'COL']"
2023-2024,Scott Mayfield,NYI,D,195.0,154.0,,158.0,228.0,158.0,132.0,212.0,93.0,228.0,181.0,84.0,,107.0,Second Pair,41,769.35,0,5,5,1.24,44.44,43.53,30,1992-10-14,USA,USA,77,220,2011,2,34,8476429.0,"[51, 55, 52, 66, 8]","[24, 69, 33, 56, 32]","[None, None, None, None, None]","[39, 55, 92, 23, 11]","['NYI', 'NYI', 'NYI', 'NYI', 'NYI']"
2023-2024,Scott Perunovich,STL,D,178.0,117.0,73.0,,191.0,159.0,241.0,246.0,17.0,5.0,8.0,194.0,,208.0,Third Pair,54,824.68333333333,0,17,17,1.81,53.33,45.59,25,1998-08-18,USA,USA,70,175,2018,2,45,8481059.0,"[None, None, None, None, 31]","[None, None, None, None, 50]","[None, None, None, None, 24]","[None, None, None, None, None]","[None, None, None, None, 'STL']"
2023-2024,Sean Durzi,ARI,D,71.0,196.0,50.0,134.0,72.0,155.0,89.0,66.0,99.0,164.0,155.0,186.0,,42.0,First Pair,76,1726.6833333333,9,32,41,8.82,49.14,48.9,24,1998-10-21,CAN,CAN,72,195,2018,2,52,,"[None, None, 65, 68, 71]","[None, None, 14, 12, 48]","[None, None, 93, 64, 39]","[None, None, 53, 3, 51]","[None, None, 'LAK', 'LAK', 'ARI']"
2023-2024,Sean Walker,COL,D,28.0,150.0,,59.0,18.0,163.0,30.0,31.0,62.0,136.0,231.0,121.0,,100.0,Second Pair,81,1557.7666666667,10,19,29,8.31,54.62,54.45,28,1994-11-13,CAN,CAN,71,195,-,-,-,,"[87, 81, None, 76, 89]","[26, 21, None, 9, 66]","[85, 9, None, None, None]","[51, 84, None, 14, 81]","['LAK', 'LAK', None, 'LAK', 'COL']"
2023-2024,Sebastian Aho,NYI,D,145.0,152.0,91.0,,71.0,145.0,186.0,134.0,209.0,6.0,4.0,187.0,,197.0,Third Pair,58,950.7,2,7,9,2.03,44.64,51.44,27,1996-02-17,SWE,SWE,70,186,2017,5,139,,"[None, None, 7, 69, 36]","[None, None, 15, 50, 43]","[None, None, None, None, 4]","[None, None, None, None, None]","[None, None, 'NYI', 'NYI', 'NYI']"
2023-2024,Seth Jones,CHI,D,110.0,174.0,61.0,79.0,217.0,186.0,40.0,127.0,71.0,91.0,140.0,146.0,,24.0,First Pair,67,1707.45,8,23,31,9.25,45.74,45.6,28,1994-10-03,USA,USA,76,213,2013,1,4,8477495.0,"[60, 47, 49, 59, 53]","[94, 38, 68, 39, 26]","[9, 40, 46, 38, 43]","[95, 76, 27, 82, 41]","['CBJ', 'CBJ', 'CHI', 'CHI', 'CHI']"
2023-2024,Shayne Gostisbehere,DET,D,104.0,197.0,34.0,,177.0,126.0,108.0,38.0,96.0,81.0,1.0,229.0,,39.0,Second Pair,81,1546.0833333333,10,46,56,8.79,47.19,47.22,30,1993-04-20,USA,USA,71,180,2012,3,78,,"[21, 65, 55, 54, 56]","[37, 54, 9, 38, 22]","[20, 93, 36, 66, 58]","[None, None, 46, None, None]","['PHI', 'PHI', 'ARI', 'CAR', 'DET']"
2023-2024,Shea Theodore,VGK,D,10.0,25.0,44.0,,49.0,113.0,16.0,51.0,1.0,72.0,27.0,248.0,,10.0,First Pair,47,1038.15,5,37,42,5.59,58.82,53.32,28,1995-08-03,CAN,CAN,74,197,2013,1,26,8477447.0,"[98, 99, 94, 92, 97]","[81, 34, 70, 83, 89]","[83, 84, 55, 60, 52]","[None, None, None, None, None]","['VGK', 'VGK', 'VGK', 'VGK', 'VGK']"
2023-2024,Simon Benoit,TOR,D,236.0,176.0,,113.0,175.0,169.0,206.0,233.0,248.0,230.0,178.0,10.0,,222.0,Third Pair,64,1102.6,1,4,5,2.32,55.00,52.29,24,1998-09-19,CAN,CAN,75,203,-,-,-,8481122.0,"[None, None, 12, 7, 9]","[None, None, 40, 3, 79]","[None, None, None, None, None]","[None, None, None, 8, 64]","[None, None, 'ANA', 'ANA', 'TOR']"
2023-2024,Simon Nemec,NJD,D,46.0,121.0,60.0,36.0,38.0,194.0,213.0,162.0,6.0,110.0,59.0,236.0,,94.0,Second Pair,60,1191.7833333333,3,16,19,5.16,51.04,52.28,19,2004-02-15,SVK,SVK,73,190,2022,1,2,8483495.0,"[None, None, None, None, 80]","[None, None, None, None, 48]","[None, None, None, None, 37]","[None, None, None, None, 77]","[None, None, None, None, 'NJD']"
2023-2024,Spencer Stastney,NSH,D,73.0,99.0,,55.0,4.0,127.0,248.0,14.0,234.0,83.0,31.0,250.0,,209.0,Third Pair,20,319.66666666667,2,2,4,0.52,70.00,57.54,23,2000-01-04,USA,USA,72,184,2018,5,131,,"[None, None, None, None, 68]","[None, None, None, None, 54]","[None, None, None, None, None]","[None, None, None, None, 68]","[None, None, None, None, 'NSH']"
2023-2024,TJ Brodie,TOR,D,192.0,72.0,,139.0,69.0,90.0,247.0,234.0,166.0,105.0,47.0,221.0,,122.0,Second Pair,78,1694.25,1,25,26,2.73,52.24,49.5,33,1990-06-07,CAN,CAN,74,187,2008,4,114,,"[31, 27, 51, 29, 24]","[56, 65, 63, 95, 41]","[None, None, None, None, None]","[29, 48, 89, 65, 12]","['CGY', 'TOR', 'TOR', 'TOR', 'TOR']"
2023-2024,Thomas Chabot,OTT,D,50.0,172.0,56.0,,45.0,170.0,39.0,53.0,156.0,79.0,49.0,174.0,,21.0,First Pair,51,1175.3,9,21,30,6.47,47.00,51.16,26,1997-01-30,CAN,CAN,74,195,2015,1,18,8478469.0,"[89, 95, 87, 70, 79]","[19, 3, 23, 36, 41]","[21, 14, 48, 78, 30]","[None, None, None, None, None]","['OTT', 'OTT', 'OTT', 'OTT', 'OTT']"
2023-2024,Thomas Harley,DAL,D,32.0,27.0,9.0,2.0,17.0,31.0,57.0,20.0,83.0,36.0,25.0,176.0,,46.0,Second Pair,79,1660.3333333333,15,32,47,7.67,59.84,56.08,22,2001-08-19,USA,USA,75,205,2019,1,18,8481581.0,"[None, None, 64, None, 88]","[None, None, 75, None, 86]","[None, None, None, None, 87]","[None, None, None, None, 98]","[None, None, 'DAL', None, 'DAL']"
2023-2024,Timothy Liljegren,TOR,D,80.0,85.0,20.0,105.0,24.0,112.0,137.0,82.0,193.0,29.0,111.0,95.0,,77.0,Second Pair,55,1081.4833333333,3,20,23,2.84,52.70,52.69,24,1999-04-30,SWE,SWE,73,192,2017,1,17,8480043.0,"[None, None, 88, 63, 63]","[None, None, 73, 57, 66]","[None, None, None, None, 71]","[None, None, 86, 74, 22]","[None, None, 'TOR', 'TOR', 'TOR']"
2023-2024,Tony DeAngelo,CAR,D,39.0,239.0,29.0,,52.0,191.0,25.0,69.0,67.0,4.0,72.0,233.0,,64.0,Third Pair,31,444.51666666667,3,8,11,2.37,37.93,49.58,27,1995-10-24,USA,USA,71,180,2014,1,19,,"[97, None, 98, 78, 81]","[0, None, 53, 3, 8]","[89, None, 90, 51, 69]","[None, None, None, 0, None]","['NYR', None, 'CAR', 'PHI', 'CAR']"
2023-2024,Torey Krug,STL,D,69.0,223.0,49.0,57.0,127.0,236.0,43.0,116.0,70.0,43.0,80.0,189.0,,41.0,Second Pair,77,1691.0166666667,4,35,39,10.24,39.60,45.72,32,1991-04-12,USA,USA,69,194,-,-,-,8476792.0,"[77, 48, 77, 75, 67]","[64, 27, 19, 29, 10]","[96, 74, 65, 61, 45]","[None, None, None, None, 68]","['BOS', 'STL', 'STL', 'STL', 'STL']"
2023-2024,Travis Dermott,ARI,D,235.0,220.0,,149.0,179.0,190.0,215.0,156.0,249.0,225.0,194.0,148.0,,231.0,Third Pair,50,863.96666666667,2,5,7,1.46,35.19,44.74,26,1996-12-22,CAN,CAN,72,202,2015,2,34,,"[39, 17, 23, None, 5]","[53, 59, 67, None, 6]","[None, None, None, None, None]","[52, None, None, None, 29]","['TOR', 'TOR', 'VAN', None, 'ARI']"
2023-2024,Travis Hamonic,OTT,D,94.0,233.0,,96.0,148.0,241.0,44.0,87.0,145.0,115.0,207.0,97.0,,125.0,Third Pair,48,707.3,2,4,6,1.26,40.32,40.85,33,1990-08-16,CAN,CAN,73,200,2008,2,53,8474612.0,"[71, 72, 73, 85, 36]","[49, 69, 47, 34, 2]","[None, None, None, None, None]","[43, 1, 18, 49, 48]","['CGY', 'VAN', 'VAN', 'OTT', 'OTT']"
2023-2024,Travis Sanheim,PHI,D,89.0,130.0,72.0,60.0,147.0,122.0,123.0,34.0,86.0,150.0,67.0,179.0,,51.0,First Pair,81,1928.2333333333,10,34,44,9.37,42.22,52.25,27,1996-03-29,CAN,CAN,75,181,2014,1,17,8477948.0,"[80, 69, 61, 42, 72]","[36, 52, 35, 50, 54]","[34, None, None, None, 25]","[56, 32, 34, 54, 67]","['PHI', 'PHI', 'PHI', 'PHI', 'PHI']"
2023-2024,Trevor van Riemsdyk,WSH,D,154.0,24.0,,52.0,144.0,77.0,149.0,196.0,118.0,109.0,40.0,242.0,,132.0,Second Pair,70,1306.5166666667,0,14,14,2.84,47.87,50.37,32,1991-07-24,USA,USA,75,191,-,-,-,8477845.0,"[47, 50, 36, 67, 24]","[73, 86, 99, 86, 84]","[None, None, None, None, None]","[83, 98, 87, 53, 67]","['CAR', 'WSH', 'WSH', 'WSH', 'WSH']"
2023-2024,Troy Stecher,ARI,D,160.0,163.0,,152.0,154.0,110.0,120.0,178.0,153.0,139.0,163.0,124.0,,214.0,Second Pair,54,978.43333333333,1,6,7,3.67,56.67,51.88,29,1994-04-07,CAN,CAN,70,184,-,-,-,,"[55, 16, 57, 33, 37]","[36, 42, 13, 23, 60]","[None, None, None, None, None]","[None, None, 20, 18, 27]","['VAN', 'DET', 'LAK', 'CGY', 'ARI']"
2023-2024,Ty Emberson,SJS,D,191.0,133.0,,22.0,242.0,208.0,155.0,202.0,48.0,249.0,104.0,16.0,,118.0,Second Pair,30,556.48333333333,1,9,10,0.91,44.44,43.49,23,2000-05-23,USA,USA,73,195,2018,3,73,8480834.0,"[None, None, None, None, 26]","[None, None, None, None, 44]","[None, None, None, None, None]","[None, None, None, None, 83]","[None, None, None, None, 'SJS']"
2023-2024,Tyler Myers,VAN,D,98.0,82.0,,125.0,152.0,117.0,110.0,184.0,40.0,223.0,242.0,114.0,,92.0,Second Pair,77,1459.0666666667,5,24,29,4.25,54.08,52.42,33,1990-02-01,USA,CAN,80,229,2008,1,12,8474574.0,"[77, 77, 47, 13, 77]","[57, 5, 63, 42, 82]","[60, 30, None, None, None]","[41, 46, 13, 20, 46]","['VAN', 'VAN', 'VAN', 'VAN', 'VAN']"
2023-2024,Tyler Tucker,STL,D,239.0,69.0,,,248.0,123.0,207.0,138.0,183.0,51.0,213.0,7.0,,242.0,Fringe,26,323.71666666667,1,1,2,0.57,51.61,38.62,23,2000-03-01,CAN,CAN,73,204,2018,7,200,8481006.0,"[None, None, None, 7, 8]","[None, None, None, 79, 64]","[None, None, None, None, None]","[None, None, None, None, None]","[None, None, None, 'STL', 'STL']"
2023-2024,Tyson Barrie,NSH,D,86.0,226.0,43.0,,151.0,210.0,81.0,83.0,60.0,34.0,48.0,228.0,,61.0,Second Pair,41,751.2,1,14,15,4.42,48.00,46.46,32,1991-07-26,CAN,CAN,71,197,2009,3,64,,"[94, 92, 79, 71, 57]","[9, 6, 41, 31, 8]","[30, 95, 88, 93, 33]","[None, None, None, None, None]","['TOR', 'EDM', 'EDM', 'NSH', 'NSH']"
2023-2024,Urho Vaakanainen,ANA,D,215.0,209.0,,148.0,233.0,180.0,152.0,239.0,149.0,206.0,51.0,166.0,,217.0,Third Pair,68,1188.3666666667,1,13,14,1.73,48.24,47.64,24,1999-01-01,FIN,FIN,74,200,2017,1,18,,"[None, None, 2, 20, 19]","[None, None, 7, 18, 29]","[None, None, None, None, None]","[None, None, 97, None, 9]","[None, None, 'BOS', 'ANA', 'ANA']"
2023-2024,Uvis Balinskis,FLA,D,190.0,132.0,,,193.0,11.0,165.0,98.0,210.0,76.0,6.0,87.0,,247.0,Third Pair,26,366.63333333333,1,2,3,1.52,55.56,49.01,27,1996-08-01,LVA,,72,196,-,-,-,8484304.0,"[None, None, None, None, 26]","[None, None, None, None, 44]","[None, None, None, None, None]","[None, None, None, None, None]","[None, None, None, None, 'FLA']"
2023-2024,Victor Hedman,TBL,D,13.0,238.0,18.0,130.0,29.0,188.0,33.0,23.0,8.0,39.0,131.0,173.0,,14.0,First Pair,78,1934.7333333333,13,63,76,12.44,54.55,49.32,32,1990-12-18,SWE,SWE,79,244,2009,1,2,8475167.0,"[96, 80, 95, 93, 94]","[89, 68, 40, 1, 14]","[92, 98, 98, 65, 82]","[80, 69, 70, 33, 28]","['TBL', 'TBL', 'TBL', 'TBL', 'TBL']"
2023-2024,Vince Dunn,SEA,D,30.0,146.0,53.0,,76.0,71.0,55.0,19.0,16.0,10.0,132.0,162.0,,28.0,First Pair,59,1362.1333333333,11,35,46,6.78,58.23,49.33,26,1996-10-29,CAN,CAN,72,200,2015,2,56,8478407.0,"[81, 41, 48, 82, 91]","[77, 53, 50, 66, 30]","[93, 76, 32, 28, 59]","[None, None, None, None, None]","['STL', 'STL', 'SEA', 'SEA', 'SEA']"
2023-2024,Vincent Desharnais,EDM,D,219.0,37.0,,8.0,100.0,7.0,245.0,240.0,224.0,144.0,208.0,46.0,,232.0,Third Pair,78,1226.7833333333,1,10,11,1.36,49.15,53.91,27,1996-05-29,CAN,CAN,78,215,2016,7,183,,"[None, None, None, 41, 7]","[None, None, None, 73, 85]","[None, None, None, None, None]","[None, None, None, 96, 91]","[None, None, None, 'EDM', 'EDM']"
2023-2024,Vladislav Gavrikov,LAK,D,96.0,162.0,,110.0,74.0,115.0,104.0,94.0,171.0,200.0,125.0,198.0,,108.0,Second Pair,77,1587.5,6,17,23,5.5,52.99,54.38,27,1995-11-21,RUS,RUS,75,221,2015,6,159,8478882.0,"[29, 12, 40, 37, 70]","[74, 46, 24, 43, 42]","[None, None, None, None, None]","[91, 79, 90, 28, 41]","['CBJ', 'CBJ', 'CBJ', 'LAK', 'LAK']"
2023-2024,Will Borgen,SEA,D,107.0,108.0,,39.0,172.0,125.0,109.0,148.0,39.0,245.0,134.0,26.0,,156.0,Third Pair,82,1442.2,3,22,25,3.35,45.37,48.82,26,1996-12-19,USA,USA,75,204,2015,4,92,8478840.0,"[None, None, 63, 40, 64]","[None, None, 83, 82, 34]","[None, None, None, None, None]","[None, None, 61, 92, 60]","[None, None, 'SEA', 'SEA', 'SEA']"
2023-2024,William Lagesson,ANA,D,241.0,71.0,,21.0,167.0,33.0,227.0,245.0,242.0,103.0,196.0,33.0,,241.0,Third Pair,40,591.9,0,4,4,0.77,51.52,50.26,27,1996-02-22,SWE,SWE,74,207,2014,4,91,,"[None, 2, 29, None, 3]","[None, 18, 45, None, 70]","[None, None, None, None, None]","[None, 99, 2, None, 93]","[None, 'EDM', 'MTL', None, 'ANA']"
2023-2024,Wyatt Kaiser,CHI,D,249.0,231.0,,133.0,243.0,195.0,246.0,248.0,241.0,177.0,238.0,195.0,,218.0,Third Pair,32,554.0,0,7,7,0.68,45.95,44.53,21,2002-07-31,USA,USA,72,173,2020,3,81,,"[None, None, None, None, 1]","[None, None, None, None, 8]","[None, None, None, None, None]","[None, None, None, None, 38]","[None, None, None, None, 'CHI']"
2023-2024,Zac Jones,NYR,D,52.0,87.0,,,135.0,121.0,50.0,140.0,19.0,65.0,195.0,164.0,,169.0,Third Pair,31,453.48333333333,2,7,9,1.9,46.34,48.16,22,2000-10-18,USA,USA,70,178,2019,3,68,8481708.0,"[None, None, None, None, 76]","[None, None, None, None, 59]","[None, None, None, None, None]","[None, None, None, None, None]","[None, None, None, None, 'NYR']"
2023-2024,Zach Bogosian,MIN,D,106.0,200.0,,87.0,124.0,81.0,77.0,146.0,115.0,135.0,226.0,41.0,,215.0,Third Pair,65,1162.2333333333,3,11,14,2.64,53.93,52.26,33,1990-07-15,USA,USA,74,222,2008,1,3,8474567.0,"[52, 42, 46, 63, 55]","[32, 59, 13, 1, 67]","[None, None, None, None, None]","[60, 37, None, None, 55]","['TBL', 'TOR', 'TBL', 'TBL', 'MIN']"
2023-2024,Zach Werenski,CBJ,D,5.0,143.0,57.0,101.0,70.0,233.0,3.0,3.0,3.0,32.0,53.0,244.0,,3.0,First Pair,70,1711.6,11,46,57,11.39,53.69,46.98,26,1997-07-19,USA,USA,74,213,2015,1,8,8478460.0,"[84, 89, 83, 98, 98]","[46, 36, 27, 97, 12]","[44, 32, 67, 47, 42]","[58, 75, 65, 79, 23]","['CBJ', 'CBJ', 'CBJ', 'CBJ', 'CBJ']"
2023-2024,Zach Whitecloud,VGK,D,163.0,20.0,,50.0,202.0,63.0,159.0,90.0,124.0,197.0,133.0,54.0,,140.0,Third Pair,61,1072.5833333333,2,12,14,2.18,47.89,52.44,26,1996-11-28,CAN,CAN,74,207,-,-,-,8480727.0,"[None, 61, 88, 31, 27]","[None, 89, 91, 74, 95]","[None, None, None, None, None]","[None, 97, 16, 70, 74]","[None, 'VGK', 'VGK', 'VGK', 'VGK']"
